{
  "name": "信标",
  "icon": "minecraft:beacon",
  "category": "lexicon:rare_stuff",
  "pages": [
    {
      "type": "patchouli:spotlight",
      "item": "minecraft:beacon",
      "text": "信标是一种能够向天空发射光束并为附近的玩家提供状态效果的方块，例如$(l:brewing/effects#speed)$(thing)速度$()、$(l:brewing/effects#jump_boost)$(thing)跳跃提升$()、$(l:brewing/effects#haste)$(thing)加速$()、$(l:brewing/effects#regeneration)$(thing)回复$()、$(l:brewing/effects#resistance)$(thing)抗性$()或$(l:brewing/effects#strength)$(thing)力量$()。它需要使用金字塔激活。"
    },
    {
      "type": "patchouli:crafting",
      "recipe": "minecraft:beacon",
      "title": " "
    },
    {
      "type": "patchouli:image",
      "images": [
        "lexicon:textures/pictures/beacon.png"
      ],
      "border": true,
      "text": "可以建造四种不同的信标金字塔高度。更多的层级可以提供更多的效果。$(br)可以使用$(item)铁块/金块/绿宝石块/钻石块/下界合金$()来建造。"
    }
  ]
}