{
  "name": "潮涌核心",
  "icon": "minecraft:conduit",
  "category": "lexicon:rare_stuff",
  "pages": [
    {
      "type": "patchouli:spotlight",
      "item": "minecraft:conduit",
      "text": "潮涌核心是一种类似信标的方块，在水下提供潮涌能量并攻击敌对生物。潮涌能量效果可以恢复氧气、提供水下夜视和增加挖掘速度。"
    },
    {
      "type": "patchouli:crafting",
      "recipe": "minecraft:conduit",
      "title": " "
    },
    {
      "type": "patchouli:text",
      "text": "要激活潮涌核心，需要将潮涌核心放置在一个3×3×3的水源体积的中心，并将其封闭在一个激活框架内。只有激活框架中的海晶石、暗海晶石、海晶石砖和海晶灯块才能参与激活。这些方块可以在海底神殿中找到。"
    },
    {
      "type": "patchouli:multiblock",
      "multiblock": {
        "pattern": [
          [
            "  #  ",
            "  #  ",
            "#####",
            "  #0 ",
            "  #  "
          ],
          [
            "  #  ",
            " OOO ",
            "#OOO#",
            " OOO ",
            "  #  "
          ],
          [
            "#####",
            "#OOO#",
            "#OXO#",
            "#OOO#",
            "#####"
          ],
          [
            "  #  ",
            " OOO ",
            "#OOO#",
            " OOO ",
            "  #  "
          ],
          [
            "  #  ",
            "  #  ",
            "#####",
            "  #  ",
            "  #  "
          ]
        ],
        "mapping": {
          "#": "minecraft:prismarine",
          "O": "minecraft:water",
          "X": "minecraft:conduit"
        }
      },
      "name": "潮涌核心激活框架",
      "text": "可以通过添加其他方块来扩展此框架以获得更好的效果。"
    }

  ]
}