{
  "name": "龙蛋",
  "icon": "minecraft:dragon_egg",
  "category": "lexicon:rare_stuff",
  "pages": [
    {
      "type": "patchouli:spotlight",
      "item": "minecraft:dragon_egg",
      "text": "$(item)龙蛋$()是一种战利品物品，也是游戏中$(n)最稀有$()的物品，因为每个世界只生成一次。$(br2)它生成在第一只$(l:creatures/boss-ender_dragon)$(thing)末影龙$()被击败时的出口传送门顶部。$(br2)通常无法直接开采龙蛋，因为尝试这样做会导致它传送。"
    }
  ]
}