{
  "name": "龙息",
  "icon": "minecraft:dragon_breath",
  "category": "lexicon:rare_stuff",
  "pages": [
    {
      "type": "patchouli:spotlight",
      "item": "minecraft:dragon_breath",
      "text": "$(item)龙息$()可以通过用$(l:creatures/boss-ender_dragon)$(thing)末影龙$()的吐息攻击或由龙火球引起的紫色效果雾在$(item)空瓶$()中收集而获得。$(br2)$(l:rare/dragons_breath)$(item)龙息$()是一种酿造物品，用于制作$(l:brewing/potion_types#lingering_potion)$(item)滞留药水$()。"
    },
    {
      "type": "patchouli:crafting",
      "recipe": "minecraft:glass_bottle"
    }
  ]
}