{
  "name": "末影水晶",
  "icon": "minecraft:end_crystal",
  "category": "lexicon:rare_stuff",
  "pages": [
    {
      "type": "patchouli:spotlight",
      "item": "minecraft:end_crystal",
      "text": "在$(l:world/dimensions#end)$(thing)末地$()中也会生成，它们的主要目的是为$(l:creatures/boss-ender_dragon)$(thing)末影龙$()恢复生命值。$(br2)如果将4个放置在末地出口传送门上，每个放置在平坦的侧面上，这些水晶会重新生成原始的$(item)末影水晶$()在$(item)黑曜石$()柱上，并使$(thing)末影龙$()本身复活！"
    },
    {
      "type": "patchouli:crafting",
      "recipe": "minecraft:end_crystal",
      "title": " ",
      "text": "$(br)$(item)末影水晶$()在受到攻击或以大多数方式受到破坏时会爆炸并造成很大的伤害。"
    }
  ]
}