{
  "name": "探险家地图",
  "icon": "minecraft:filled_map",
  "category": "lexicon:rare_stuff",
  "pages": [
    {
      "type": "patchouli:spotlight",
      "item": "minecraft:filled_map",
      "text": "$(item)探险家地图$()是一种特殊的$(item)地图$()，用于帮助寻找稀有的生成结构，包括$(l:world/structures#mansion)$(thing)丛林府邸$()、$(l:world/structures#monument)$(thing)海底神殿$()和$(l:world/structures#treasure)$(thing)埋藏的宝藏$()。$(br2)这些地图可以从$(l:creatures/human-villager#cartographer)$(thing)制图师村民$()那里交易获得，或者在$(l:world/structures#ruin)$(thing)海洋废墟$()或$(l:world/structures#shipwreck)$(thing)沉船$()中找到。"
    },
    {
      "type": "patchouli:image",
      "images": [
        "lexicon:textures/pictures/explorer_map_1.png",
        "lexicon:textures/pictures/explorer_map_2.png"
      ],
      "border": false
    }
  ]
}