{
  "name": "蛙明灯",
  "icon": "minecraft:verdant_froglight",
  "category": "lexicon:rare_stuff",
  "pages": [
    {
      "type": "patchouli:spotlight",
      "item": "minecraft:pearlescent_froglight",
      "text": "$(item)蛙明灯$()是一种发光的自然方块，如果$(l:creatures/aquatic_animal-frog)$(thing)青蛙$()吃了一个微小的$(l:creatures/monster-magma_cube)$(thing)岩浆怪$()，就可以获得它。$(br2)它用于装饰。"
    },
    {
      "type": "patchouli:spotlight",
      "item": "minecraft:ochre_froglight",
      "text": "根据青蛙的类型，有三种颜色的$(thing)Froglight$()：$(br)$(li)$(n)Pearlescent$()来自温暖的（白色）青蛙$(br)$(li)$(n)Verdant$()来自寒冷的（绿色）青蛙$(br)$(li)$(n)Ochre$()来自温和的（橙色）青蛙"
    },
    {
      "type": "patchouli:spotlight",
      "item": "minecraft:verdant_froglight",
      "text": "它们发出光照等级15，这是发光方块可能具有的最高等级。"
    }
  ]
}