{
  "name": "附魔金苹果",
  "icon": "minecraft:enchanted_golden_apple",
  "category": "lexicon:rare_stuff",
  "pages": [
    {
      "type": "patchouli:spotlight",
      "item": "minecraft:enchanted_golden_apple",
      "text": "$(item)附魔金苹果$()是一种稀有的无法合成的$(item)金苹果$()变种，具有更强的效果。$(br2)可以在$(l:useables/chest)$(item)箱子$()中找到。$(br2)$(n)效果:$() $(li)$(thing)$(l:brewing/effects#absorption)吸收 IV$() 持续2分钟 $(li)$(l:brewing/effects#regeneration)$(thing)再生 II$() 持续30秒 $(li)$(l:brewing/effects#fire_resistance)$(thing)火焰抗性$() 持续5分钟 $(li)$(l:brewing/effects#resistance)$(thing)抗性$() 持续5分钟"
    },
    {
      "type": "patchouli:crafting",
      "recipe": "minecraft:golden_apple",
      "text": "> 普通$(item)金苹果$()的合成配方。$(br)$(br2)$(n)效果:$() $(li)$(thing)$(l:brewing/effects#absorption)吸收$() 持续2分钟 $(li)$(l:brewing/effects#regeneration)$(thing)再生 II$() 持续5秒"
    }
  ]
}