{
  "name": "海洋之心",
  "icon": "minecraft:heart_of_the_sea",
  "category": "lexicon:rare_stuff",
  "pages": [
    {
      "type": "patchouli:spotlight",
      "item": "minecraft:heart_of_the_sea",
      "text": "$(item)海洋之心$()可以从$(l:world/structures#treasure)$(thing)埋藏宝藏$()中获得。$(br2)宝藏的位置在埋藏的$(item)宝藏地图$()上标有醒目的红色$(l)X$()，这些地图可以在$(l:world/structures#ruin)$(thing)海底遗迹$()和$(l:world/structures#shipwreck)$(thing)沉船$()中找到。$(br2)将$(item)生鳕鱼$()或$(item)生鲑鱼$()喂给$(l:creatures/aquatic_animal-dolphin)$(thing)海豚$()会使它们游向最近的建筑物。"
    },
    {
      "type": "patchouli:crafting",
      "recipe": "minecraft:conduit",
      "title": " ",
      "text": "$(br)海洋之心可以用来制作$(l:rare/conduit)$(item)潮涌核心$()。"
    }
  ]
}