{
  "name": "生物头颅",
  "icon": "minecraft:creeper_head",
  "category": "lexicon:rare_stuff",
  "pages": [
    {
      "type": "patchouli:spotlight",
      "item": "minecraft:wither_skeleton_skull",
      "text": "$(l:creatures/undead-wither_skeleton)$(thing)凋零骷髅$()在被$(l:creatures/human-player)$(thing)玩家$()杀死时有2.5%的几率掉落$(item)凋零骷髅头颅$()。$(br2)每级$(l:enchanting/enchantments#looting)$(thing)抢夺$()增加1%的几率。"
    },
    {
      "type": "patchouli:spotlight",
      "item": "minecraft:creeper_head",
      "text": "$(l:creatures/undead-skeleton)$(thing)骷髅$()、$(l:creatures/undead-wither_skeleton)$(thing)凋零骷髅$()、$(l:creatures/undead-zombie)$(thing)僵尸$()、$(l:creatures/monster-piglin)$(thing)猪灵$()和$(l:creatures/monster-creeper)$(thing)苦力怕$()的头颅也会在相应的生物死于$(l:creatures/monster-creeper)$(thing)充能苦力怕$()的爆炸时掉落。$(br2)佩戴相应的生物头颅会将探测范围减少到正常范围的50%。"
    },
    {
      "type": "patchouli:spotlight",
      "item": "minecraft:dragon_head",
      "text": "$(item)末影龙头$()会生成在$(l:world/structures#end_city)$(thing)末地城市$()中的$(l:world/structures#end_ship)$(thing)末地船$()上。"
    },
    {
      "type": "patchouli:spotlight",
      "item": "minecraft:player_head",
      "text": "$(item)玩家头颅$()在地图制作者中有额外的用途，可以给它们添加$(l:commands/nbt-data)$(thing)NBT数据$()，以显示任何Minecraft账户的皮肤。但是在默认情况下，无法在生存模式中获得这些头颅。$(br2)要获得这些头颅，可以使用以下$(l:commands)$(thing)命令$()：$(n)/give @p minecraft:player_head{SkullOwner:$(o)账户名$()$(n)}$()"
    }
  ]
}