{
  "name": "音乐唱片",
  "icon": "minecraft:music_disc_11",
  "category": "lexicon:rare_stuff",
  "pages": [
    {
      "type": "patchouli:spotlight",
      "item": "minecraft:music_disc_13",
      "text": "大多数音乐唱片是从被$(l:creatures/monster-creeper)$(thing)苦力怕$()击杀的$(l:creatures/undead-skeleton)$(thing)骷髅$()或$(l:creatures/undead-stray)$(thing)流浪者$()掉落的，也可以在箱子中找到。$(br2)唯一的例外是一张需要通过合成其部分获得的唱片和一张需要在$(l:world/structures#trail_ruin)$(thing)小径废墟$()的$(l:rare/suspicious_sand)$(item)可疑沙$()中找到的唱片。$(br2)它们可以在$(l:useables/jukebox)$(item)唱片机$()上播放。"
    },
    {
      "type": "patchouli:crafting",
      "recipe": "minecraft:music_disc_5",
      "recipe2": "minecraft:jukebox"
    }
  ]
}