{
  "name": "下界合金",
  "icon": "minecraft:netherite_ingot",
  "category": "lexicon:rare_stuff",
  "pages": [
    {
      "type": "patchouli:spotlight",
      "item": "minecraft:netherite_scrap",
      "title": "Netherite",
      "text": "$(item)下界合金$()是来自$(l:world/dimensions#nether)$(thing)下界$()的稀有材料，主要用于升级$(item)钻石$()装备。$(br2)$(item)下界合金$()物品比$(item)钻石$()更强大耐用，可以漂浮在岩浆中，并且不会燃烧。$(br)$(li)要获得$(item)下界合金$()，首先你必须在$(l:world/dimensions/nether)$(thing)下界$()中找到$(item)远古残骸$()！"
    },
    {
      "type": "patchouli:smelting",
      "recipe": "minecraft:netherite_scrap",
      "recipe2": "minecraft:netherite_scrap_from_blasting"
    },
    {
      "type": "patchouli:crafting",
      "recipe": "minecraft:netherite_ingot",
      "text": "$(item)下界合金$()装备是通过使用$(l:useables/smithing_table)$(item)锻造台$()将$(item)钻石$()装备升级而成的。"
    }
  ]
}