{
  "name": "回溯指南针",
  "icon": "minecraft:recovery_compass",
  "category": "lexicon:rare_stuff",
  "pages": [
    {
      "type": "patchouli:spotlight",
      "item": "minecraft:recovery_compass",
      "text": "$(item)回溯指南针$()是一种用于指向$(l:creatures/human-player)$(thing)玩家$()最后死亡位置的物品。"
    },
    {
      "type": "patchouli:crafting",
      "recipe": "minecraft:recovery_compass",
      "text": "$(br)稀有的$(item)回音碎片$()可以在$(l:world/structures#ancient_city)$(thing)古代城市$()中找到。"
    }
  ]
}