{
  "name": "潜影盒",
  "icon": "minecraft:shulker_box",
  "category": "lexicon:rare_stuff",
  "pages": [
    {
      "type": "patchouli:spotlight",
      "item": "minecraft:shulker_box",
      "text": "$(item)潜影盒$()是一种便携式$(l:useables/chest)$(item)箱子$()：当它们被打破时，会保留其中的物品，再次放置时可以取回这些物品。$(br2)这与其他容器不同，其他容器在被打破时会将其中的物品作为物品实体掉落。$(br2)这些箱子由$(item)潜影壳$()制成，潜影壳是由$(l:creatures/monster-shulker)$(item)潜影贝$()在$(l:world/dimensions#end)$(thing)末地$()掉落的。"
    },
    {
      "type": "patchouli:crafting",
      "recipe": "minecraft:shulker_box",
      "recipe2": "minecraft:cyan_shulker_box",
      "title": " ",
      "text": "$(br)$(item)潜影盒$()可以染色！"
    }
  ]
}