{
  "name": "锻造模板",
  "icon": "minecraft:netherite_upgrade_smithing_template",
  "category": "lexicon:rare_stuff",
  "pages": [
    {
      "type": "patchouli:spotlight",
      "item": "minecraft:netherite_upgrade_smithing_template",
      "text": "$(item)锻造模板$()是用于在$(l:useables/smithing_table)$(item)锻造台$()中改变工具和盔甲的物品。$(br2)$(item)锻造模板$()可以在各种$(l:world/structures)$(thing)建筑物$()中找到，并且可以使用七个$(item)钻石$()和基于模板的物品进行复制。$(br2)其中一些较不常见，而另一些较常见。"
    },
    {
      "type": "patchouli:text",
      "text": "$(item)盔甲装饰锻造模板$()用于通过使用$(l:useables/smithing_table)$(item)锻造台$()、一个盔甲装备和一个锭或水晶来自定义盔甲的外观：$(br)$(li)$(item)绿宝石$() $(li)$(l:redstone/redstone_components#redstone)$(item)红石粉 $(li)$(item)青金石 $(li)$(item)紫水晶碎片 $(li)$(item)下界石英 $(li)$(l:rare/netherite)$(item)下界合金锭$() $(li)$(item)钻石 $(li)$(item)金锭 $(li)$(item)铁锭 $(li)$(item)铜锭$()"
    },
    {
      "type": "patchouli:crafting",
      "title": "下界升级",
      "recipe": "minecraft:netherite_upgrade_smithing_template",
      "text": "$(br)$(n)位置：$(l:world/structures#bastion)$(thing)堡垒遗迹$() $(br2)$(n)容器：$(l:useables/chest)$(item)箱子$()"
    },
    {
      "type": "patchouli:crafting",
      "title": "海岸盔甲装饰",
      "recipe": "minecraft:coast_armor_trim_smithing_template",
      "text": "$(br)$(n)位置：$(l:world/structures#shipwreck)$(thing)沉船$() $(br2)$(n)容器：$(l:useables/chest)$(item)箱子$()"
    },
    {
      "type": "patchouli:crafting",
      "title": "沙丘盔甲装饰",
      "recipe": "minecraft:dune_armor_trim_smithing_template",
      "text": "$(br)$(n)位置：$(l:world/structures#pyramid)$(thing)沙漠神庙$() $(br2)$(n)容器：$(l:useables/chest)$(item)箱子$()"
    },
    {
      "type": "patchouli:crafting",
      "title": "眼眸盔甲装饰",
      "recipe": "minecraft:eye_armor_trim_smithing_template",
      "text": "$(br)$(n)位置：$(l:world/structures#stronghold)$(thing)要塞$() $(br2)$(n)容器：$(l:useables/chest)$(item)箱子$()"
    },
    {
      "type": "patchouli:crafting",
      "title": "肋骨盔甲装饰",
      "recipe": "minecraft:rib_armor_trim_smithing_template",
      "text": "$(br)$(n)位置：$(l:world/structures#fortress)$(thing)下界要塞$() $(br2)$(n)容器：$(l:useables/chest)$(item)箱子$()"
    },
    {
      "type": "patchouli:crafting",
      "title": "哨兵盔甲装饰",
      "recipe": "minecraft:sentry_armor_trim_smithing_template",
      "text": "$(br)$(n)位置：$(l:world/structures#outpost)$(thing)掠夺者前哨站$() $(br2)$(n)容器：$(l:useables/chest)$(item)箱子$()"
    },
    {
      "type": "patchouli:crafting",
      "title": "幽静盔甲装饰",
      "recipe": "minecraft:silence_armor_trim_smithing_template",
      "text": "$(br)$(n)位置：$(l:world/structures#ancient_city)$(thing)古代城市$() $(br2)$(n)容器：$(l:useables/chest)$(item)箱子$()"
    },
    {
      "type": "patchouli:crafting",
      "title": "猪鼻盔甲装饰",
      "recipe": "minecraft:snout_armor_trim_smithing_template",
      "text": "$(br)$(n)位置：$(l:world/structures#bastion)$(thing)堡垒遗迹$() $(br2)$(n)容器：$(l:useables/chest)$(item)箱子$()"
    },
    {
      "type": "patchouli:crafting",
      "title": "尖塔盔甲装饰",
      "recipe": "minecraft:spire_armor_trim_smithing_template",
      "text": "$(br)$(n)位置：$(l:world/structures#end_city)$(thing)末地城市$() $(br2)$(n)容器：$(l:useables/chest)$(item)箱子$()"
    },
    {
      "type": "patchouli:crafting",
      "title": "恼鬼盔甲装饰",
      "recipe": "minecraft:vex_armor_trim_smithing_template",
      "text": "$(br)$(n)位置：$(l:world/structures#mansion)$(thing)林地府邸$() $(br2)$(n)容器：$(l:useables/chest)$(item)箱子$()"
    },
    {
      "type": "patchouli:crafting",
      "title": "监守盔甲装饰",
      "recipe": "minecraft:ward_armor_trim_smithing_template",
      "text": "$(br)$(n)位置：$(l:world/structures#ancient_city)$(thing)古代城市$() $(br2)$(n)容器：$(l:useables/chest)$(item)箱子$()"
    },
    {
      "type": "patchouli:crafting",
      "title": "荒野盔甲装饰",
      "recipe": "minecraft:wild_armor_trim_smithing_template",
      "text": "$(br)$(n)位置：$(l:world/structures#temple)$(thing)丛林神殿$() $(br2)$(n)容器：$(l:useables/chest)$(item)箱子$()"
    },
    {
      "type": "patchouli:crafting",
      "title": "向导盔甲装饰",
      "recipe": "minecraft:wayfinder_armor_trim_smithing_template",
      "text": "$(br)$(n)位置：$(l:world/structures#trail_ruin)$(thing)遗迹之路$() $(br2)$(n)来源：$(l:rare/suspicious_sand)$(item)可疑的砂砾$()"
    },
    {
      "type": "patchouli:crafting",
      "title": "牧民盔甲装饰",
      "recipe": "minecraft:shaper_armor_trim_smithing_template",
      "text": "$(br)$(n)位置：$(l:world/structures#trail_ruin)$(thing)遗迹之路$() $(br2)$(n)来源：$(l:rare/suspicious_sand)$(item)可疑的砂砾$()"
    },
    {
      "type": "patchouli:crafting",
      "title": "塑造盔甲装饰",
      "recipe": "minecraft:host_armor_trim_smithing_template",
      "text": "$(br)$(n)位置：$(l:world/structures#trail_ruin)$(thing)遗迹之路$() $(br2)$(n)来源：$(l:rare/suspicious_sand)$(item)可疑的砂砾$()"
    },
    {
      "type": "patchouli:crafting",
      "title": "雇主盔甲装饰",
      "recipe": "minecraft:raiser_armor_trim_smithing_template",
      "text": "$(br)$(n)位置：$(l:world/structures#trail_ruin)$(thing)遗迹之路$() $(br2)$(n)来源：$(l:rare/suspicious_sand)$(item)可疑的砂砾$()"
    },
    {
      "type": "patchouli:crafting",
      "title": "潮汐盔甲装饰",
      "recipe": "minecraft:tide_armor_trim_smithing_template",
      "text": "$(br)$(n)位置：$(l:world/structures#monument)$(thing)海底神殿$() $(br2)$(n)来源：$(l:creatures/monster-elder_guardian)$(thing)远古守卫者$()"
    }
  ]
}