{
  "name": "嗅探蛋",
  "icon": "minecraft:sniffer_egg",
  "category": "lexicon:rare_stuff",
  "pages": [
    {
      "type": "patchouli:spotlight",
      "item": "minecraft:sniffer_egg",
      "text": "$(item)嗅探蛋$()，可以从$(l:rare/suspicious_sand)$(item)可疑的砂砾$()中刷出，或者通过繁殖两只$(l:creatures/animal-sniffer)$(thing)嗅探兽$()获得。$(br2)当将其作为方块放置在世界中时，它会慢慢孵化成为一只$(l:creatures/animal-sniffer)$(thing)嗅探幼崽$()，如果将其放置在$(item)苔藓方块$()上，孵化时间将减少一半。"
    },
    {
      "type": "patchouli:entity",
      "entity": "minecraft:sniffer",
      "scale": "0.5"
    }
  ]
}