{
  "name": "可疑的方块",
  "icon": "minecraft:suspicious_sand",
  "category": "lexicon:rare_stuff",
  "pages": [
    {
      "type": "patchouli:spotlight",
      "item": "minecraft:suspicious_sand",
      "text": "可疑的方块是一种脆弱的受重力影响的方块，可以在各种$(l:world/structures)$(thing)结构$()中找到。$(br2)它们可以被刷出来以提取与结构相关的战利品，并且是$(item)陶瓷碎片$()的唯一来源。$(br2)如果只是破坏可疑方块，它们不会掉落任何物品。"
    },
    {
      "type": "patchouli:spotlight",
      "item": "minecraft:suspicious_gravel",
      "text": "$(item)可疑的砂砾$()在$(l:world/structures#pyramid)$(thing)沙漠神殿$()的埋藏房间、$(l:world/structures#well)$(thing)沙漠井$()的底部和$(l:world/structures#ruin)$(thing)温暖海洋废墟$()中自然生成。$(br2)$(item)可疑的沙砾$()在$(l:world/structures#ruin)$(thing)寒冷海洋废墟$()和$(l:world/structures#trail_ruin)$(thing)遗迹之路$()中自然生成。"
    }
  ]
}