{
  "name": "不死图腾",
  "icon": "minecraft:totem_of_undying",
  "category": "lexicon:rare_stuff",
  "pages": [
    {
      "type": "patchouli:spotlight",
      "item": "minecraft:totem_of_undying",
      "text": "如果$(l:creatures/human-player)$(thing)玩家$()将$(item)不死图腾$()放在副手或主手槽中，并受到本应致命的伤害，图腾会拯救他们免于死亡。$(br2)$(l:creatures/human-evoker)$(thing)唤魔者$()会掉落不死图腾，唤魔者会生成在$(l:world/structures#mansion)$(thing)丛林府邸$()和袭击中。（盖饭注：整合包内由inventorio模组提供的多余副手槽都可以装上不死图腾并且能够实际生效）"
    },
    {
      "type": "patchouli:text",
      "text": "当激活时，不死图腾会恢复1点生命值，移除所有现有状态效果，并赋予你以下效果：$(br)$(li)$(l:brewing/effects#regeneration)$(thing)生命恢复 II$()，持续45秒$(li)$(l:brewing/effects#fire_resistance)$(thing)火焰抗性$()，持续40秒$(li)$(l:brewing/effects#absorption)$(thing)生命吸收 II$()，持续5秒"
    }
  ]
}