{
  "name": "凋零玫瑰",
  "icon": "minecraft:wither_rose",
  "category": "lexicon:rare_stuff",
  "pages": [
    {
      "type": "patchouli:spotlight",
      "item": "minecraft:wither_rose",
      "text": "$(item)凋零玫瑰$()是一种具有负面效果的奇特花朵。$(br2)任何$(l:creatures/human-player)$(thing)玩家$()或生物接触到它都会获得$(l:brewing/effects#wither)$(thing)凋零效果$()。$(br2)当$(l:creatures/boss-wither)$(thing)凋零$()杀死其他生物时可以获得凋零玫瑰。"
    }
  ]
}