{
	"format": "grid",
	"grid": [
		{
			"biomes": [ "the_end", "end_highlands", "end_midlands", "small_end_islands", "end_barrens", "nullscape:crystal_peaks", "nullscape:shadowlands", "nullscape:void_barrens", "nullscape:asteroid_belt", "nullscape:asteroid_fields", "nullscape:barren_heights", "nullscape:blackstone_barrens", "nullscape:chorus_grove", "nullscape:chorus_heights", "nullscape:crystal_crags", "nullscape:crystalline_void", "nullscape:desolate_end", "nullscape:draconic_boneyard", "nullscape:infested_highlands", "nullscape:midland_end", "nullscape:riftspace", "nullscape:shaterred_end", "nullscape:tar_bog", "nullscape:void", "nullscape:voltaic_wastes", "starmute:voltaic_heap", "betterend:chorus_forest", "betterend:dust_wastelands", "betterend:empty_end_cave", "betterend:painted_mountains" ],
			"column": 247
	    },
	    {
			"biomes": [ "incendium:toxic_heap", "starmute:toxic_heap", "starmute:toxic_springs" ],
			"column": 253,
			"width": 3
	    },
		{
			"biomes": [ "incendium:weeping_valley", "betternether:nether_grasslands", "betternether:poor_nether_grasslands" ],
			"column": 248,
			"width": 4
		},
		{
			"biomes": [ "incendium:infernal_dunes", "starmute:infernal_dunes", "starmute:purified_dunes" ],
			"column": 252
		},
	    {
			"biomes": [ "soul_sand_valley", "incendium:quartz_flats", "starmute:quartz_flats", "starmute:quartz_hills", "starmute:soul_sand_valley_dense", "betternether:soul_plain", "betternether:wart_forest", "betternether:wart_forest_edge", "betterend:umbrella_jungle" ],
			"column": 251
		},
		{
			"biomes": [ "incendium:ash_barrens", "betterend:amber_land", "betterend:lantern_woods", "betterend:sulphur_springs" ],
			"column": 249
		},
		{
			"biomes": [ "crimson_forest", "starmute:crimson_forest_s", "starmute:crimson_forest_z", "betternether:crimson_glowing_woods", "betternether:crimson_pinewood", "betternether:nether_mushroom_forest", "betternether:nether_mushroom_forest_edge", "betternether:old_fungiwoods", "betterend:dragon_graveyards" ],
			"column": 250
		},
		{
			"biomes": [ "warped_forest", "incendium:inverted_forest", "starmute:warped_forest_d", "starmute:warped_plains", "starmute:nether_wart_valley", "betternether:old_warped_woods" ],
			"column": 248,
			"width": 2
		},
		{
			"biomes": [ "betternether:nether_jungle", "betternether:bone_reef", "betternether:sulfuric_bone_reef", "betternether:upside_down_forest", "betternether:upside_down_forest_cleared", "betterend:empty_smaragdant_cave", "betterend:jade_cave" ],
			"column": 242
		},
		{
			"biomes": [ "betternether:nether_swampland", "betternether:nether_swampland_terraces", "betternether:old_swampland" ],
			"column": 249,
			"width": 2
		},
		{
			"biomes": [ "betterend:shadow_forest", "betterend:umbra_valley" ],
			"column": 246
		},
		{
			"biomes": [ "betterend:lush_smaragdant_cave", "betterend:lush_aurora_cave", "betterend:blossoming_spires", "betterend:dry_shrublands" ],
			"column": 245
		},
		{
			"biomes": [ "betterend:neon_oasis", "betterend:megalake_grove", "betterend:megalake", "betterend:glowing_grasslands", "betterend:foggy_mushroomland", "betterend:ice_starfield" ],
			"column": 241
		},
		{
			"biomes": [ "betterend:crystal_mountains", "betterend:empty_aurora_cave" ],
			"column": 234,
			"width": 7
		}
	]
}