{
  "name": "酿造",
  "icon": "minecraft:brewing_stand",
  "category": "lexicon:brewing",
  "sortnum": 1,
  "pages": [
    {
      "type": "patchouli:text",
      "text": "通过将至少一个或多个$(item)水瓶$()放置在$(l:useables/brewing_stand)$(item)酿造台$()的下三个插槽中，将一个配料放置在上方插槽中，并在燃料插槽中放置$(item)烈焰粉$()，$(l:creatures/human-player)$(thing)玩家$()可以将配料蒸馏到每个$(l:brewing/ingredients_equipments)$(item)瓶子$()中，并酿造出可以给$(l:creatures/human-player)$(thing)玩家$()带来效果的$(l:brewing/brewing#potions)$(item)药水$()。"
    },
    {
      "type": "patchouli:image",
      "images": [
        "lexicon:textures/pictures/brewing.png"
      ],
      "border": true
    },
    {
      "type": "patchouli:image",
      "images": [
        "lexicon:textures/pictures/potion_types.png"
      ],
      "border": false,
      "title": "基础药水",
      "anchor": "potions",
      "text": "基础药水是没有效果的$(l:brewing/brewing#potions)$(item)药水$()，通过向$(item)水瓶$()中添加单个基础配料酿造而成。其中，只有$(item)尴尬的药水$()可以添加效果配料以产生$(l:brewing/effects)$(thing)药水效果$()。"
    },
    {
      "type": "patchouli:image",
      "images": [
        "lexicon:textures/pictures/effect_potion_types_1.png",
        "lexicon:textures/pictures/effect_potion_types_2.png"
      ],
      "border": false,
      "title": "药水效果",
      "text": "$(l:brewing/brewing#potions)$(item)药水$()是装在瓶子里的物质，如果饮用或在其溅射半径内（对于$(l:brewing/potion_types)$(item)滞留药水$()和$(l:brewing/potion_types)$(item)溅射药水$()）给予$(l:creatures/human-player)$(thing)玩家$()和生物一个有限时间或即时的状态效果。"
    },
    {
      "type": "patchouli:image",
      "images": [
        "lexicon:textures/pictures/potion_upgrades.png"
      ],
      "border": false,
      "title": "药水升级",
      "text": "升级$(l:brewing/brewing#potions)$(item)药水$()涉及持续时间和效果之间的权衡。增强的效果持续时间较短，而延长的持续时间无法获得增强的效果。"
    },
    {
      "type": "patchouli:crafting",
      "recipe": "minecraft:brewing_stand",
      "recipe2": "minecraft:glass_bottle"
    }
  ]
}