{
  "name": "效果",
  "icon": "minecraft:blaze_powder",
  "category": "lexicon:brewing",
  "sortnum": 5,
  "pages": [
    {
      "type": "patchouli:text",
      "text": "效果（buff）是对实体产生有益或有害的状态。效果可以通过游戏中的各种方式施加，包括消耗药水、某些食物，处于信标和潮涌的范围内，以及受到或靠近某些生物的攻击."
    },
    {
      "type": "patchouli:spotlight",
      "item": "minecraft:milk_bucket",
      "text": "当喝下牛奶桶、死亡、被$(l:rare/totem_of_undying)$(item)不死图腾$()救活，或通过$(l:exploring/end)$(thing)末地$()中的返回传送门时，所有状态效果都会被移除."
    },
    {
      "type": "patchouli:text",
      "title": "速度",
      "anchor": "speed",
      "text": "$(n)类型:$() 正面 $(br2)$(n)效果:$() $(br)增加行走速度；更高级别的效果使受影响的实体移动更快。 $(br2)$(n)来源:$() $(br)药水、箭矢、信标"
    },
    {
      "type": "patchouli:image",
      "images": [
        "lexicon:textures/pictures/speed_effect.png"
      ],
      "border": false
    },
    {
      "type": "patchouli:text",
      "title": "缓慢",
      "anchor": "slowness",
      "text": "$(n)类型:$() 负面 $(br2)$(n)效果:$() $(br)减慢移动速度；更高级别的效果使受影响的实体移动更慢。 $(br2)$(n)来源:$() $(br)药水、箭矢"
    },
    {
      "type": "patchouli:image",
      "images": [
        "lexicon:textures/pictures/slowness_effect.png"
      ],
      "border": false
    },
    {
      "type": "patchouli:text",
      "title": "急迫",
      "anchor": "haste",
      "text": "$(n)类型:$() 正面 $(br2)$(n)效果:$() $(br)增加挖掘和攻击速度；更高级别的效果增加挖掘和攻击速度。 $(br2)$(n)来源:$() $(br)信标"
    },
    {
      "type": "patchouli:image",
      "images": [
        "lexicon:textures/pictures/haste_effect.png"
      ],
      "border": false
    },
    {
      "type": "patchouli:text",
      "title": "挖掘疲劳",
      "anchor": "mining_fatigue",
      "text": "$(n)类型:$() 负面 $(br2)$(n)效果:$() $(br)减慢挖掘和攻击速度；更高级别的效果减慢挖掘和攻击速度。 $(br2)$(n)来源:$() $(br)远古守卫者"
    },
    {
      "type": "patchouli:image",
      "images": [
        "lexicon:textures/pictures/mining_fatigue_effect.png"
      ],
      "border": false
    },
    {
      "type": "patchouli:text",
      "title": "力量",
      "anchor": "strength",
      "text": "$(n)类型:$() 正面 $(br2)$(n)效果:$() $(br)增加近战伤害；更高级别的效果使受影响的实体造成更多的近战伤害。 $(br2)$(n)来源:$() $(br)药水、箭矢、信标"
    },
    {
      "type": "patchouli:image",
      "images": [
        "lexicon:textures/pictures/strength_effect.png"
      ],
      "border": false
    },
    {
      "type": "patchouli:text",
      "title": "瞬间治疗",
      "anchor": "instant_health",
      "text": "$(n)类型:$() 正面，对亡灵生物为负面 $(br2)$(n)效果:$() $(br)治疗生物，伤害亡灵生物；更高级别的效果使恢复的生命值更多，对亡灵生物造成的伤害更大。 $(br2)$(n)来源:$() $(br)药水、箭矢"
    },
    {
      "type": "patchouli:image",
      "images": [
        "lexicon:textures/pictures/instant_health_effect.png"
      ],
      "border": false
    },
    {
      "type": "patchouli:text",
      "title": "瞬间伤害",
      "anchor": "instant_damage",
      "text": "$(n)类型:$() 负面，对亡灵生物为正面 $(br2)$(n)效果:$() $(br)伤害生物，治疗亡灵生物；更高级别的效果造成更多伤害，治疗更多的生命值。 $(br2)$(n)来源:$() $(br)药水、箭矢"
    },
    {
      "type": "patchouli:image",
      "images": [
        "lexicon:textures/pictures/instant_damage_effect.png"
      ],
      "border": false
    },
    {
      "type": "patchouli:text",
      "title": "跳跃提升",
      "anchor": "jump_boost",
      "text": "$(n)类型:$() 正面 $(br2)$(n)效果:$() $(br)增加跳跃高度并减少摔落伤害；更高级别的效果使受影响的实体跳得更高并减少更多的摔落伤害。 $(br2)$(n)来源:$() $(br)药水、箭矢、信标、迷之炖菜"
    },
    {
      "type": "patchouli:image",
      "images": [
        "lexicon:textures/pictures/jump_boost_effect.png"
      ],
      "border": false
    },
    {
      "type": "patchouli:text",
      "title": "反胃",
      "text": "$(n)类型:$() 负面 $(br2)$(n)效果:$() $(br)使视野晃动并禁用冲刺和暴击能力。 $(br2)$(n)来源:$() $(br)食用迷之炖菜、幻术师"
    },
    {
      "type": "patchouli:image",
      "images": [
        "lexicon:textures/pictures/nausea_effect.png"
      ],
      "border": false
    },
    {
      "type": "patchouli:text",
      "title": "再生",
      "anchor": "regeneration",
      "text": "$(n)类型:$() 正面 $(br2)$(n)效果:$() $(br)随时间恢复生命值，更高级别的效果使生命值恢复更快。 $(br2)$(n)来源:$() $(br)药水、箭矢、信标、迷之炖菜、金苹果、不死图腾"
    },
    {
      "type": "patchouli:image",
      "images": [
        "lexicon:textures/pictures/regeneration_effect.png"
      ],
      "border": false
    },
    {
      "type": "patchouli:text",
      "title": "抗性",
      "anchor": "resistance",
      "text": "$(n)类型:$() 正面 $(br2)$(n)效果:$() $(br)减少伤害，更高级别的效果减少更多伤害。 $(br2)$(n)来源:$() $(br)药水、箭矢、信标、附魔金苹果"
    },
    {
      "type": "patchouli:image",
      "images": [
        "lexicon:textures/pictures/resistance_effect.png"
      ],
      "border": false
    },
    {
      "type": "patchouli:text",
      "title": "抗火",
      "anchor": "fire_resistance",
      "text": "$(n)类型:$() 正面 $(br2)$(n)效果:$() $(br)防止受影响的实体因$(item)火焰$()、$(item)岩浆$()和其他火焰伤害来源而受伤。 $(br2)$(n)来源:$() $(br)药水、箭矢、附魔金苹果、迷之炖菜、不死图腾"
    },
    {
      "type": "patchouli:image",
      "images": [
        "lexicon:textures/pictures/fire_resistance_effect.png"
      ],
      "border": false
    },
    {
      "type": "patchouli:text",
      "title": "水下呼吸",
      "text": "$(n)类型:$() 正面 $(br2)$(n)效果:$() $(br)防止溺水并允许受影响的实体在水下呼吸。 $(br2)$(n)来源:$() $(br)药水、箭矢、海龟壳"
    },
    {
      "type": "patchouli:image",
      "images": [
        "lexicon:textures/pictures/water_breathing_effect.png"
      ],
      "border": false
    },
    {
      "type": "patchouli:text",
      "title": "隐身",
      "text": "$(n)类型:$() 正面 $(br2)$(n)效果:$() $(br)使受影响的实体变得隐形（但不包括手持的物品和穿戴的盔甲），并减少其他生物对其的侦测范围，更高级别的效果减少其他生物的侦测范围更多。 $(br2)$(n)来源:$() $(br)药水"
    },
    {
      "type": "patchouli:image",
      "images": [
        "lexicon:textures/pictures/invisibility_effect.png"
      ],
      "border": false
    },
    {
      "type": "patchouli:text",
      "title": "致盲",
      "text": "$(n)类型:$() 负面 $(br2)$(n)效果:$() $(br)视觉受损，禁用冲刺和暴击能力。 $(br2)$(n)来源:$() $(br)迷之炖菜、幻术师"
    },
    {
      "type": "patchouli:image",
      "images": [
        "lexicon:textures/pictures/blindness_effect.png"
      ],
      "border": false
    },
    {
      "type": "patchouli:text",
      "title": "夜视",
      "text": "$(n)类型:$() 正面 $(br2)$(n)效果:$() $(br)使玩家在黑暗和水下能够看得更清楚。 $(br2)$(n)来源:$() $(br)药水、箭矢、迷之炖菜、潮涌效果"
    },
    {
      "type": "patchouli:image",
      "images": [
        "lexicon:textures/pictures/night_vision_effect.png"
      ],
      "border": false
    },
    {
      "type": "patchouli:text",
      "title": "饥饿",
      "text": "$(n)类型:$() 负面 $(br2)$(n)效果:$() $(br)增加饱食度耗尽，更高级别的效果使$(thing)玩家$()更快饿死。 $(br2)$(n)来源:$() $(br)尸壳、河豚、腐肉、生鸡肉"
    },
    {
      "type": "patchouli:image",
      "images": [
        "lexicon:textures/pictures/hunger_effect.png"
      ],
      "border": false
    },
    {
      "type": "patchouli:text",
      "title": "虚弱",
      "anchor": "weakness",
      "text": "$(n)类型:$() 负面 $(br2)$(n)效果:$() $(br)减少近战伤害，更高级别的效果减少更多近战伤害。 $(br2)$(n)来源:$() $(br)药水、箭矢、迷之炖菜"
    },
    {
      "type": "patchouli:image",
      "images": [
        "lexicon:textures/pictures/weakness_effect.png"
      ],
      "border": false
    },
    {
      "type": "patchouli:text",
      "title": "中毒",
      "anchor": "poison",
      "text": "$(n)类型:$() 负面 $(br2)$(n)效果:$() $(br)持续造成伤害（但不能致死），更高级别的效果每秒造成更多伤害，不影响亡灵生物。 $(br2)$(n)来源:$() $(br)药水、箭矢、有毒土豆、河豚、迷之炖菜、蜘蛛眼、洞穴蜘蛛、蜜蜂"
    },
    {
      "type": "patchouli:image",
      "images": [
        "lexicon:textures/pictures/poison_effect.png"
      ],
      "border": false
    },
    {
      "type": "patchouli:text",
      "title": "凋零",
      "anchor": "wither",
      "text": "$(n)类型:$() 负面 $(br2)$(n)效果:$() $(br)持续造成伤害（可致死），更高级别的效果每秒造成更多伤害。 $(br2)$(n)来源:$() $(br)药水、迷之炖菜、凋零、凋零骷髅、凋零玫瑰"
    },
    {
      "type": "patchouli:image",
      "images": [
        "lexicon:textures/pictures/wither_effect.png"
      ],
      "border": false
    },
    {
      "type": "patchouli:text",
      "title": "生命提升",
      "text": "$(n)类型:$() 正面  $(br2)$(n)效果:$() $(br)增加最大生命值，更高级别的效果使受影响的实体具有更多的最大生命值。 $(br2)$(n)来源:$() $(br)金苹果"
    },
    {
      "type": "patchouli:image",
      "images": [
        "lexicon:textures/pictures/health_boost_effect.png"
      ],
      "border": false
    },
    {
      "type": "patchouli:text",
      "title": "伤害吸收",
      "anchor": "absorption",
      "text": "$(n)类型:$() 正面   $(br2)$(n)效果:$() $(br)增加伤害吸收（无法再生的额外生命值），更高级别的效果提供更多伤害吸收。 $(br2)$(n)来源:$() $(br)金苹果、不死图腾"
    },
    {
      "type": "patchouli:image",
      "images": [
        "lexicon:textures/pictures/absorption_effect.png"
      ],
      "border": false
    },
    {
      "type": "patchouli:text",
      "title": "饱和度",
      "text": "$(n)类型:$() 正面   $(br2)$(n)效果:$() $(br)恢复饥饿度和饱和度。 $(br2)$(n)来源:$() $(br)迷之炖菜"
    },
    {
      "type": "patchouli:image",
      "images": [
        "lexicon:textures/pictures/saturation_effect.png"
      ],
      "border": false
    },
    {
      "type": "patchouli:text",
      "title": "发光",
      "text": "$(n)类型:$() 中性   $(br2)$(n)效果:$() $(br)在受影响的实体周围绘制轮廓（可以穿过方块看到）。 $(br2)$(n)来源:$() $(br)幽灵箭、村民和女巫的铃"
    },
    {
      "type": "patchouli:image",
      "images": [
        "lexicon:textures/pictures/glowing_effect.png"
      ],
      "border": false
    },
    {
      "type": "patchouli:text",
      "title": "飘浮",
      "anchor": "levitation",
      "text": "$(n)类型:$() 中性  $(br2)$(n)效果:$() $(br)使受影响的实体向上漂浮。 $(br2)$(n)来源:$() $(br)潜影贝"
    },
    {
      "type": "patchouli:image",
      "images": [
        "lexicon:textures/pictures/levitation_effect.png"
      ],
      "border": false
    },
    {
      "type": "patchouli:text",
      "title": "幸运",
      "text": "$(n)类型:$() 正面   $(br2)$(n)效果:$() $(br)可以增加获得高品质和更多的战利品的几率，更高级别的效果增加更好战利品的几率。 $(br2)$(n)来源:$() $(br)药水、箭矢"
    },
    {
      "type": "patchouli:image",
      "images": [
        "lexicon:textures/pictures/luck_effect.png"
      ],
      "border": false
    },
    {
      "type": "patchouli:text",
      "title": "厄运",
      "text": "$(n)类型:$() 负面   $(br2)$(n)效果:$() $(br)可能降低获得高品质和更多战利品的几率，更高级别的效果降低好战利品的几率。 $(br2)$(n)来源:$() $(br)仅通过/effect命令"
    },
    {
      "type": "patchouli:image",
      "images": [
        "lexicon:textures/pictures/bad_luck_effect.png"
      ],
      "border": false
    },
    {
      "type": "patchouli:text",
      "title": "缓降",
      "text": "$(n)类型:$() 正面   $(br2)$(n)效果:$() $(br)减慢坠落速度并消除摔落伤害。 $(br2)$(n)来源:$() $(br)药水、箭矢"
    },
    {
      "type": "patchouli:image",
      "images": [
        "lexicon:textures/pictures/slow_falling_effect.png"
      ],
      "border": false
    },
    {
      "type": "patchouli:text",
      "title": "潮涌能量",
      "anchor": "conduit_power",
      "text": "$(n)类型:$() 正面   $(br2)$(n)效果:$() $(br)增加水下可见性和挖掘速度，防止溺水。 $(br2)$(n)来源:$() $(br)潮涌核心"
    },
    {
      "type": "patchouli:image",
      "images": [
        "lexicon:textures/pictures/conduit_power_effect.png"
      ],
      "border": false
    },
    {
      "type": "patchouli:text",
      "title": "海豚的恩惠",
      "text": "$(n)类型:$() 正面   $(br2)$(n)效果:$() $(br)增加游泳速度。 $(br2)$(n)来源:$() $(br)与海豚一起游泳",
      "anchor": "grace"
    },
    {
      "type": "patchouli:image",
      "images": [
        "lexicon:textures/pictures/dolphins_grace_effect.png"
      ],
      "border": false
    },
    {
      "type": "patchouli:text",
      "title": "不祥之兆",
      "text": "$(n)类型:$() 中性  $(br2)$(n)效果:$() $(br)进入村庄时引发$(thing)灾厄村民$()袭击，更高级别的效果引发更困难的袭击。 $(br2)$(n)来源:$() $(br)杀死灾厄小队队长"
    },
    {
      "type": "patchouli:image",
      "images": [
        "lexicon:textures/pictures/bad_omen_effect.png"
      ],
      "border": false
    },
    {
      "type": "patchouli:text",
      "title": "村庄英雄",
      "anchor": "village_hero",
      "text": "$(n)类型:$() 正面  $(br2)$(n)效果:$() $(br)与$(thing)村民$()进行交易时享受折扣，并使他们根据自己的职业向$(thing)玩家$()投掷物品。 $(br2)$(n)来源:$() $(br)完成村庄袭击"
    },
    {
      "type": "patchouli:image",
      "images": [
        "lexicon:textures/pictures/hero_of_the_village_effect.png"
      ],
      "border": false
    },
    {
      "type": "patchouli:text",
      "title": "黑暗",
      "anchor": "darkness",
      "text": "$(n)类型:$() 负面  $(br2)$(n)效果:$() $(br)使屏幕变暗。 $(br2)$(n)来源:$() $(br)幽匿尖啸体、监守者（循声守卫）"
    },
    {
      "type": "patchouli:image",
      "images": [
        "lexicon:textures/pictures/darkness_effect.png"
      ],
      "border": false
    }
  ]
}