{
  "name": "药水种类",
  "icon": "minecraft:potion",
  "category": "lexicon:brewing",
  "sortnum": 2,
  "pages": [
    {
      "type": "patchouli:text",
      "text": "$(n)有三种不同的药水种类:$() $(br)$(li)普通药水 $(br)$(li)喷溅药水 $(br)$(li)滞留药水"
    },
    {
      "type": "patchouli:spotlight",
      "item": "minecraft:potion",
      "title": "药水",
      "anchor": "potion",
      "text": "$(item)Potions$() 可以长按右键使用, 就像其他食物一样. $(br)使用后，它们会给$(thing)玩家$()应用相应的状态效果. "
    },
    {
      "type": "patchouli:spotlight",
      "item": "minecraft:splash_potion",
      "title": "喷溅药水",
      "anchor": "splash_potion",
      "text": "$(n)$(item)喷溅药水$() 是通过投掷使用的。 $(br2)投掷后，它们会溅射周围，并将状态效果应用于附近的实体."
    },
    {
      "type": "patchouli:spotlight",
      "item": "minecraft:lingering_potion",
      "title": "滞留药水",
      "anchor": "lingering_potion",
      "text": "$(n)$(item)滞留药水$() 也是通过投掷使用的，类似于$(item)喷溅药水$()。 $(br2)投掷后，它们会爆炸并形成药水云雾。 $(br2)云雾由投掷的药水对应的粒子组成。"
    }
  ]
}