{
  "name": "迷之炖菜",
  "icon": "minecraft:suspicious_stew",
  "category": "lexicon:brewing",
  "sortnum": 6,
  "pages": [
    {
      "type": "patchouli:text",
      "text": "除了酿造，获取带有效果的物品的另一种方法是$(item)迷之炖菜s$()。它们是食物，可以给$(l:creatures/human-player)$(thing)玩家$()提供取决于用于制作的花的状态效果。."
    },
    {
      "type": "patchouli:image",
      "images": [
        "lexicon:textures/pictures/suspicious_stew_recipe.png"
      ],
      "border": false
    },
    {
      "type": "patchouli:image",
      "images": [
        "lexicon:textures/pictures/suspicious_stew_ingredients.png"
      ],
      "border": false
    }
  ]
}