{
  "name": "数据包",
  "icon": "minecraft:enchanted_book",
  "category": "lexicon:modifications",
  "sortnum": 3,
  "pages": [
    {
      "type": "patchouli:text",
      "text": "$(thing)数据包$()提供了一种让$(l:creatures/human-player)$(thing)玩家$()进一步自定义他们的Minecraft体验的方式。 $(br2)这些数据包可以用来覆盖或添加新的进度、维度、函数、战利品表、谓词、配方、结构、标签、世界生成设置和生物群系，而无需进行任何代码修改。"
    },
    {
      "type": "patchouli:text",
      "text": "$(br)$(li)你可以在这里找到一些$(l:https://www.curseforge.com/minecraft/texture-packs/data-packs)模组$()"
    }
  ]
}