{
  "name": "模组包",
  "icon": "minecraft:enchanted_book",
  "category": "lexicon:modifications",
  "sortnum": 7,
  "pages": [
    {
      "type": "patchouli:text",
      "text": "$(thing)模组包$()是由多个$(l:modifications/mods)$(thing)模组$()组合和配置而成，以便模组可以相互配合使用。 $(br2)这些模组包通常围绕着科技、任务或魔法等主题展开。（盖饭注：模组包即是国内玩家所说的整合包）"
    },
    {
      "type": "patchouli:text",
      "text": "$(br)$(thing)模组包$()通常配有自定义启动器或安装程序，使安装和运行模组包变得简单。（盖饭注：制作整合包时请不要附带游戏本体，这是违规的） $(br)$(li)你可以在这里找到一些模组$(l:https://www.curseforge.com/minecraft/modpacks)模组包$()"
    }
  ]
}