{
  "name": "模组",
  "icon": "minecraft:enchanted_book",
  "category": "lexicon:modifications",
  "sortnum": 5,
  "pages": [
    {
      "type": "patchouli:text",
      "text": "$(thing)$()模组以某种方式改变了Minecraft的游戏内容，例如对游戏机制进行微小调整或实现全新的功能。 $(br2)大多数模组需要一个$(thing)Modloader（模组加载器）$()，比如$(l:https://files.minecraftforge.net/net/minecraftforge/forge)Forge$()或$(l:https://fabricmc.net/use/installer)Fabric$()。 $(br2)$(li)你可以在这里找到许多模组$(l:https://www.curseforge.com/minecraft/mc-mods)模组$()（盖饭君注：https://www.mcmod.cn/modlist.html这是更适合中国宝宝体质的模组检索网址:D）"
    },
    {
      "type": "patchouli:image",
      "images": [
        "lexicon:textures/pictures/mod_1.png",
        "lexicon:textures/pictures/mod_2.png",
        "lexicon:textures/pictures/mod_3.png",
        "lexicon:textures/pictures/mod_4.png",
        "lexicon:textures/pictures/mod_5.png"
      ],
      "border": true,
      "text": "在这里，你还可以找到一些XxRexRaptorxX做的模组 :) $(l:https://www.curseforge.com/members/xxrexraptorxx/projects)*无耻的自我推广*$()"
    }
  ]
}