{
  "name": "插件",
  "icon": "minecraft:enchanted_book",
  "category": "lexicon:modifications",
  "sortnum": 7,
  "pages": [
    {
      "type": "patchouli:text",
      "text": "$(thing)插件$()（或多人插件）是用于Minecraft多人服务器的附加文件。 $(br2)$(thing)插件$()经常用于改变游戏的某些方面，比如添加用户排名、游戏模式、经济系统等等。"
    },
    {
      "type": "patchouli:text",
      "text": "$(br)$(thing)插件$()不像$(l:modifications/mods)$(thing)模组$()那样改变游戏代码本身。 $(br)$(li)你可以在这里找到新的插件$(l:https://www.curseforge.com/minecraft/bukkit-plugins)插件$()"
    }
  ]
}