{
  "name": "资源包",
  "icon": "minecraft:enchanted_book",
  "category": "lexicon:modifications",
  "sortnum": 2,
  "pages": [
    {
      "type": "patchouli:text",
      "text": "$(thing)资源包$()提供了一种自定义纹理、模型、音乐、声音、语言、文本（如终末诗、闪烁文字、制作人员名单）和字体的方式，而无需进行任何代码修改。 $(br2)这些资源包可以叠加使用。 $(thing)资源包$()的类型。 $(br)$(li)$(thing)资源包$()可以放置在$(l)resourcepacks$()文件夹中，该文件夹位于$(l).minecraft$()文件夹内。"
    },
    {
      "type": "patchouli:image",
      "images": [
        "lexicon:textures/pictures/texturepack_1.png",
        "lexicon:textures/pictures/texturepack_2.png",
        "lexicon:textures/pictures/texturepack_3.png",
        "lexicon:textures/pictures/texturepack_4.png",
        "lexicon:textures/pictures/texturepack_5.png"
      ],
      "border": true,
      "text": "$(li)你可以在这里找到新的资源包$(l:https://www.curseforge.com/minecraft/texture-packs)资源包$()$(br)$(li)（盖饭君注：https://www.mcbbs.net/forum-texture-0.html更适合中国宝宝体质的资源包下载地址：D）"
    }
  ]
}