{
  "name": "着色器包（光影包）",
  "icon": "minecraft:enchanted_book",
  "category": "lexicon:modifications",
  "sortnum": 4,
  "pages": [
    {
      "type": "patchouli:text",
      "text": "使用$(thing)光影包$()可以为游戏添加新的光照、阴影和水体效果。 $(br2)光影使用了相当多的计算资源，因此你的电脑应该足够强大。 $(br2)要使用光影，你需要安装$(l:modifications/mods)$(thing)模组$()，如$(n)Optifine$()或$(n)Iris$()。 $(br)$(li)它们可以放置在$(l)shaderpacks$()文件夹中，该文件夹位于$(l).minecraft$()文件夹内。（盖饭君注：装载光影时请确认好游戏版本以及光影加载器版本是否正确）"
    },
    {
      "type": "patchouli:image",
      "images": [
        "lexicon:textures/pictures/shader_1.png",
        "lexicon:textures/pictures/shader_2.png",
        "lexicon:textures/pictures/shader_3.png",
        "lexicon:textures/pictures/shader_4.png"
      ],
      "border": true,
      "text": "$(li)你可以在这里找到光影包$(l:https://www.curseforge.com/minecraft/customization/search?search=shader)光影包$()"
    }
  ]
}