{
  "name": "纹理包",
  "icon": "minecraft:enchanted_book",
  "category": "lexicon:modifications",
  "sortnum": 1,
  "pages": [
    {
      "type": "patchouli:text",
      "text": "纹理包是最常见的$(l:modifications/resourcepacks)$(thing)资源包$()，它们通过使用其他纹理和有时新的方块/物品模型来改变游戏的外观。 $(br2)这些资源包可以叠加使用。 $(br)$(li)$(thing)纹理包$()可以放置在$(l)resourcepacks$()文件夹中，该文件夹位于$(l).minecraft$()文件夹内。"
    },
    {
      "type": "patchouli:image",
      "images": [
        "lexicon:textures/pictures/texturepack_1.png",
        "lexicon:textures/pictures/texturepack_2.png",
        "lexicon:textures/pictures/texturepack_3.png",
        "lexicon:textures/pictures/texturepack_4.png",
        "lexicon:textures/pictures/texturepack_5.png"
      ],
      "border": true,
      "text": "$(li)你可以在这里找到新的纹理包$(l:https://www.curseforge.com/minecraft/texture-packs)纹理包$()(br)$(li)（盖饭君注：https://www.mcbbs.net/forum-texture-0.html更适合中国宝宝体质的资源包下载地址：D）"
    }
  ]
}