{
  "name": "玄武岩生成器",
  "icon": "minecraft:basalt",
  "category": "lexicon:tips_tricks",
  "pages": [
    {
      "type": "patchouli:text",
      "text": "$(item)岩浆$()在位于$(item)灵魂土壤$()方块上方并且相邻于$(item)蓝冰$()方块时会转化为$(item)玄武岩$()。$(br2)$(item)灵魂土壤$()方块$(l)必须$()位于$(item)岩浆$()下方，而$(item)蓝冰$()方块可以位于任意侧面或上方。"
    },
    {
      "type": "patchouli:image",
      "images": [
        "lexicon:textures/pictures/basalt_generator_1.png",
        "lexicon:textures/pictures/basalt_generator_2.png"
      ],
      "border": true
    }
  ]
}
