{
  "name": "对抗烈焰人的雪球",
  "icon": "minecraft:snowball",
  "category": "lexicon:tips_tricks",
  "pages": [
    {
      "type": "patchouli:text",
      "text": "$(l:creatures/monster-blaze)$(thing)烈焰人$()非常危险，但它们有一个很大的弱点，那就是它们会受到$(item)雪球$()的伤害。$(br2)而且值得一提的是，这些雪球很容易获得。"
    },
    {
      "type": "patchouli:image",
      "images": [
        "lexicon:textures/pictures/blaze_snowball.png"
      ],
      "border": true
    }
  ]
}
