{
  "name": "地毯栅栏技巧",
  "icon": "minecraft:cyan_carpet",
  "category": "lexicon:tips_tricks",
  "pages": [
    {
      "type": "patchouli:text",
      "text": "$(item)地毯$()放在$(item)栅栏$()上具有特殊属性，它们可以让你轻松越过$(thing)栅栏$()，但阻止动物和怪物越过它们。$(br2)这可以用于围栏和怪物防御。"
    },
    {
      "type": "patchouli:image",
      "images": [
        "lexicon:textures/pictures/carpet_fence_trick.png"
      ],
      "border": true
    }
  ]
}
