{
  "name": "圆石生成器",
  "icon": "minecraft:cobblestone",
  "category": "lexicon:tips_tricks",
  "pages": [
    {
      "type": "patchouli:text",
      "text": "$(thing)圆石生成器$()的工作原理是，当$(item)岩浆$()与$(item)水$()接触时，$(item)岩浆$()会变成$(item)圆石$()。$(br2)这个新生成的方块会阻止两个流体接触。$(br)当移除这个新生成的$(item)圆石$()时，两个流体接触时又会产生新的$(item)圆石$()。"
    },
    {
      "type": "patchouli:image",
      "images": [
        "lexicon:textures/pictures/cobble_generator.png"
      ],
      "border": true
    }
  ]
}
