{
  "name": "给羊染色",
  "icon": "minecraft:blue_wool",
  "category": "lexicon:tips_tricks",
  "pages": [
    {
      "type": "patchouli:text",
      "text": "$(thing)羊$()的羊毛可以通过按下鼠标右键或交互按钮并持有相应染料来染色。$(br2)如果染色了$(thing)羊$()，然后将其剪毛，它在重新长出毛后会保留新的染色$(item)羊毛$()颜色。"
    },
    {
      "type": "patchouli:text",
      "text": "$(n)彩蛋：$(br2)如果给一个被命名为$(o)jeb_$()的$(thing)羊$()使用$(item)命名牌$()，它的$(item)羊毛$()会循环显示所有染料颜色（饭：就是彩虹羊，另：用Grumm_命名会使羊（适用其他生物）倒立）。$(br2)这不会影响掉落的$(item)羊毛$()。"
    }
  ]
}
