{
  "name": "彩色信标光束",
  "icon": "minecraft:beacon",
  "category": "lexicon:tips_tricks",
  "pages": [
    {
      "type": "patchouli:text",
      "text": "$(l:rare/beacon)$(item)信标$()的光束颜色可以通过在$(item)信标方块$()上方的任意位置放置$(item)染色玻璃$()或$(item)染色玻璃板$()来改变。$(br2)光束的颜色根据放置在其上方的$(item)玻璃$()的颜色来改变：第一个方块设置光束的颜色，而每个额外的方块通过平均当前光束颜色和方块颜色的红、绿、蓝三个分量来改变颜色。"
    },
    {
      "type": "patchouli:image",
      "images": [
        "lexicon:textures/pictures/colored_beacon_beam.png"
      ],
      "border": true
    }
  ]
}
