{
  "name": "作物交替种植",
  "icon": "minecraft:wheat",
  "category": "lexicon:tips_tricks",
  "pages": [
    {
      "type": "patchouli:text",
      "text": "如果你种植多种作物，请确保按行交替种植不同的作物类型。$(br2)例如，第一行可以是$(item)小麦$()，第二行可以是$(item)胡萝卜$()，第三行可以是$(item)土豆$()，以此类推去种植其他作物。$(br2)这已经被证明可以显著提高作物生长速度。"
    },
    {
      "type": "patchouli:image",
      "images": [
        "lexicon:textures/pictures/crop_alternating.png"
      ],
      "border": true,
      "text": "如果你在地下种植农田，请确保照明充足。"
    }
  ]
}
