{
  "name": "禁用刷怪笼",
  "icon": "minecraft:spawner",
  "category": "lexicon:tips_tricks",
  "pages": [
    {
      "type": "patchouli:text",
      "text": "你应该坚持不挖掘$(item)刷怪笼$()，它们非常有用，例如用于怪物陷阱或简单的养殖。$(br2)你应该尝试使用光照来阻止它生成怪物。$(br)只需在$(item)刷怪笼$()上放置一个$(item)火把$()或类似物品。$(br2)只有$(thing)烈焰人$()和$(thing)蠹虫$()的$(item)刷怪笼$()需要更亮的光照来停用它们。"
    },
    {
      "type": "patchouli:image",
      "images": [
        "lexicon:textures/pictures/spawner_1.png",
        "lexicon:textures/pictures/spawner_2.png"
      ],
      "border": true
    }
  ]
}
