{
  "name": "其他维度中的床",
  "icon": "minecraft:yellow_bed",
  "category": "lexicon:tips_tricks",
  "pages": [
    {
      "type": "patchouli:text",
      "text": "$(item)床$()在许多其他维度中无法使用，如果你尝试使用它们，它们会爆炸。$(br2)但是，你可以通过在$(thing)地狱$()中使用$(item)重生锚$()来设置重生点。$(br2)饭注：$(item)床$()在地狱的爆炸特性可以被用来快速开路（挖矿）。"
    },
    {
      "type": "patchouli:image",
      "images": [
        "lexicon:textures/pictures/nether_bed_1.png",
        "lexicon:textures/pictures/nether_bed_2.png"
      ],
      "border": true
    }
  ]
}
