{
  "name": "快速切换游戏模式",
  "icon": "minecraft:grass_block",
  "category": "lexicon:tips_tricks",
  "pages": [
    {
      "type": "patchouli:text",
      "text": "如果你想在游戏中切换游戏模式，有一种比$(thing)/gamemode$()命令更快的方法：$(br2)按下$(thing)F3$() + $(thing)F4$()可以打开游戏模式切换菜单。$(br2)在按住$(thing)F3$()的同时，$(thing)玩家$()可以通过按下$(thing)F4$()来循环切换游戏模式，并在释放$(thing)F3$()后进入选定的游戏模式。"
    },
    {
      "type": "patchouli:image",
      "images": [
        "lexicon:textures/pictures/gamemode_switch.png"
      ],
      "border": true,
      "text": "你需要拥有操作员权限才能执行此操作。（盖饭注：平凡的脚步也可以走完伟大的行程）"
    }
  ]
}
