{
  "name": "无限水源",
  "icon": "minecraft:water_bucket",
  "category": "lexicon:tips_tricks",
  "pages": [
    {
      "type": "patchouli:text",
      "text": "$(n)最简单的无限水源方法：$(br)$(li)$(n)步骤1：$()挖一个向下1格、宽2格、长2格的方形洞。$(br)$(li)$(n)步骤2：$()用$(item)水桶$()在两个对角角落填满水源方块。$(br)$(li)$(n)步骤3：$()拿起$(item)水桶$()并取出你需要的$(item)水$()！"
    },
    {
      "type": "patchouli:image",
      "images": [
        "lexicon:textures/pictures/infinite_water_source.png"
      ],
      "border": true
    }
  ]
}
