{
  "name": "物品运输",
  "icon": "minecraft:dropper",
  "category": "lexicon:tips_tricks",
  "pages": [
    {
      "type": "patchouli:text",
      "title": "漏斗",
      "text": "通过放置一排互相指向的$(item)漏斗$()，物品可以在除了向上的所有方向上运输。$(br2)在大规模使用时，$(item)漏斗$()可能会导致游戏卡顿（盖饭注：整合包对此进行了优化，也许会缓解大量漏斗带来的卡顿）"
    },
    {
      "type": "patchouli:image",
      "images": [
        "lexicon:textures/pictures/hopper_transportation_1.png",
        "lexicon:textures/pictures/hopper_transportation_2.png"
      ],
      "border": true
    },
    {
      "type": "patchouli:text",
      "title": "水流",
      "text": "一种不需要铁资源的方法是使用$(item)水$()流。这利用了掉落物品在流动的水流中移动的机制。$(br2)由于$(item)水$()只能从源头流动7个方块，通常需要使用多个水源。为了处理中断，可以使用$(item)浮冰$()和$(item)告示牌$()。当物品从一个水流中出来时，它们会在冰上滑动到下一个水流。"
    },
    {
      "type": "patchouli:image",
      "images": [
        "lexicon:textures/pictures/water_transportation.png"
      ],
      "border": true,
      "text": "$(item)浮冰$()或$(item)蓝冰$()上的水流速度更快，减少延迟。"
    },
    {
      "title": "水上升梯",
      "type": "patchouli:text",
      "text": "当$(item)水$()$(n)源$()直接位于$(item)岩浆块$()上方时，会创建一个从最高源方块向下的漩涡气泡柱。$(br)任何遇到气泡柱的东西，包括物品、$(item)船$()、$(l:creatures/human-player)$(thing)玩家$()和生物，都会被吸下来。$(br2)而$(item)灵魂沙$()则会造成与岩浆块相反的效果。"
    },
    {
      "type": "patchouli:image",
      "images": [
        "lexicon:textures/pictures/water_elevator.png"
      ],
      "border": true
    },
    {
      "title": "铁轨",
      "type": "patchouli:text",
      "text": "物品也可以通过$(item)铁轨$()进行运输，可以使用$(l:redstone/redstone_components#hopper)$(item)漏斗$()将物品转移到$(item)带箱矿车$()中或从中转移出来。"
    },
    {
      "type": "patchouli:image",
      "images": [
        "lexicon:textures/pictures/rail_transportation.png"
      ],
      "border": true
    },
    {
      "title": "投掷器",
      "type": "patchouli:text",
      "text": "通常情况下，$(l:redstone/redstone_components#dropper)$(item)投掷器$()运输是通过一排相互指向的投掷器进行的。$(br2)当$(l:redstone/redstone_components#dropper)$(item)投掷器$()被激活时，物品可以传送到下一个$(l:redstone/redstone_components#dropper)$(item)投掷器$()。$(br2)这适用于所有方向。"
    },
    {
      "type": "patchouli:multiblock",
      "text": "这个设计是一个自动供能的物品传送器。",
      "multiblock": {
        "pattern": [
          [
            "C  ",
            "   "
          ],
          [
            "OX ",
            "X_X"
          ],
          [
            "O>X",
            "iXI"
          ],
          [
            "OX0",
            "X_X"
          ],
          [
            "O>X",
            "iXI"
          ],
          [
            "OX ",
            "X_X"
          ],
          [
            "O>X",
            "iXI"
          ]
        ],
        "mapping": {
          "X": "minecraft:cobblestone",
          "C": "minecraft:chest",
          "O": "minecraft:dropper[facing=up]",
          ">": "minecraft:comparator[facing=north]",
          "I": "minecraft:redstone_wall_torch[facing=east,lit=true]",
          "i": "minecraft:redstone_wall_torch[facing=north,lit=false]",
          "_": "minecraft:redstone_wire[east=side,west=side,north=side,south=side,power=15]"
        }
      }
    },
    {
      "title": "驯服兽",
      "type": "patchouli:text",
      "text": "$(l:creatures/animal-allay)$(thing)驯服兽$()会为给予它东西的任何$(l:creatures/human-player)$(thing)玩家$()或它听到的任何$(l:redstone/redstone_components#noteblock)$(item)音符盒$()收集和传送物品。"
    },
    {
      "type": "patchouli:entity",
      "entity": "minecraft:allay",
      "scale": "0.5"
    }
  ]
}
