{
  "name": "闪电效果",
  "icon": "minecraft:lightning_rod",
  "category": "lexicon:tips_tricks",
  "pages": [
    {
      "type": "patchouli:text",
      "text": "闪电在雷暴期间生成，当使用$(item)避雷针$()或投掷附魔有$(l:enchanting/enchantments#channeling)$(thing)引雷$()的$(item)三叉戟$()时，生成闪电的概率更高。$(br2)$(n)闪电可以产生许多不同的效果：$(br)$(li)伤害实体并使其着火$(br)$(li)闪电撞击点会引发火灾$(br)$(li)有0.75-6.75%的几率生成$(thing)骷髅马陷阱$()，当触发时变成4个$(thing)骷髅骑兵$()"
    },
    {
      "type": "patchouli:text",
      "text": "$(n)闪电打击会对某些生物产生不同的影响：$(br)$(li)$(thing)$(l:creatures/animal-pig)猪$()会变成$(l:creatures/undead-zombified_piglin)$(thing)僵尸猪灵$()$(br)$(li)$(l:creatures/monster-creeper)苦力怕（爬行者）$()会变成$(l:creatures/monster-creeper)$(thing)闪电苦力怕（爬行者）$()$(br)$(li)$(l:creatures/human-villager)村民$()会变成$(l:creatures/human-witch)$(thing)女巫$()$(br)$(li)红色$(l:creatures/animal-mooshroom)哞菇$()会变成棕色$(l:creatures/animal-mooshroom)哞菇$()$(br)$(li)棕色$(l:creatures/animal-mooshroom)哞菇$()会变成红色$(l:creatures/animal-mooshroom)哞菇$()"
    }
  ]
}
