{
  "name": "岩浆块伤害",
  "icon": "minecraft:magma_block",
  "category": "lexicon:tips_tricks",
  "pages": [
    {
      "type": "patchouli:text",
      "text": "$(item)岩浆块$()会对站在上面的大多数生物造成伤害，即使在水下也是如此。$(br2)$(l:creatures/human-player)$(thing)玩家$()可以通过潜行、处于$(l:brewing/effect#fire_resistance)$(thing)抗火$()效果下或穿着$(l:enchanting/enchantments#frost_walker)$(thing)冰霜行者$()$(item)靴子$()来避免所有伤害。"
    },
    {
      "type": "patchouli:image",
      "images": [
        "lexicon:textures/pictures/magma_sneak_1.png",
        "lexicon:textures/pictures/magma_sneak_2.png"
      ],
      "border": true
    }
  ]
}
