{
  "name": "地图标记",
  "icon": "minecraft:filled_map",
  "category": "lexicon:tips_tricks",
  "pages": [
    {
      "type": "patchouli:text",
      "text": "使用选中的$(item)地图$()对$(item)旗帜$()使用，会在选中的$(item)地图$()上放置一个旗帜位置的标记，再次对$(item)旗帜$()使用会移除标记。$(br2)标记的颜色与旗帜相同。$(br2)如果旗帜被销毁，标记也会被移除，除非使用$(l:useables/cartography_table)$(item)制图台$()将地图锁定。"
    },
    {
      "type": "patchouli:image",
      "images": [
        "lexicon:textures/pictures/map_marker.png"
      ],
      "border": false
    },
    {
      "type": "patchouli:crafting",
      "recipe": "minecraft:map",
      "recipe2": "minecraft:cartography_table",
      "text": "$(br)如果给旗帜命名，名称会显示在标记下方。"
    },
    {
      "type": "patchouli:crafting",
      "recipe": "minecraft:light_blue_banner",
      "recipe2": "minecraft:red_banner",
      "text": "$(item)旗帜$()可以有不同的颜色。"
    }
  ]
}
