{
  "name": "黑曜石生成",
  "icon": "minecraft:obsidian",
  "category": "lexicon:tips_tricks",
  "pages": [
    {
      "type": "patchouli:text",
      "text": "$(item)黑曜石$()是当$(item)流动的水$()接触到$(item)岩浆源$()方块时形成的，在自然界中可以在$(item)水源$()从泉水或湖流过附近的$(item)熔岩$()池时找到。"
    },
    {
      "type": "patchouli:image",
      "images": [
        "lexicon:textures/pictures/obsidian_generation.png"
      ],
      "border": true
    }
  ]
}
