{
  "name": "操作员物品",
  "icon": "minecraft:debug_stick",
  "category": "lexicon:tips_tricks",
  "pages": [
    {
      "type": "patchouli:text",
      "text": "在操作员工具中，你会找到一些功能性的物品和方块，主要用于服务器拥有者、创作者、地图制作者或有经验的玩家。$(br2)它们只能通过$(l)/give$() $(l:commands)$(thing)命令$()或在创造模式的物品栏中通过在$(n)$(o)选项/控制界面的操作员物品选项卡$()中激活来获取。"
    },
    {
      "type": "patchouli:image",
      "images": [
        "lexicon:textures/pictures/operator_items.png",
        "lexicon:textures/pictures/operator_tab_button.png"
      ],
      "border": true
    },
    {
      "type": "patchouli:text",
      "text": "$(n)操作员工具：$()$(br)$(li)$(l:redstone/redstone_components#command_block)$(item)命令方块$()：可以执行命令$(br)$(li)$(l:redstone/redstone_components#structure_block)$(item)结构方块$()：可以导出、导入或保存结构$(br)$(li)$(item)光源方块$()：一个隐形的光源$(br)$(li)$(item)屏障方块$()：一个隐形且无法破坏的屏障$(br)$(li)$(item)调试棒$()：用于改变方块状态的工具"
    }
  ]
}
