{
  "name": "快速沙土获得",
  "icon": "minecraft:sand",
  "category": "lexicon:tips_tricks",
  "pages": [
    {
      "type": "patchouli:text",
      "text": "像$(item)沙土$()或$(item)砂砾$()这样的重力方块可以通过打破底部方块，然后$(n)迅速$()放置一个$(item)火把$()来快速大量获得。$(br2)这将导致所有重力掉落下来。"
    },
    {
      "type": "patchouli:image",
      "images": [
        "lexicon:textures/pictures/sand_farming.png"
      ],
      "border": true
    }
  ]
}
