{
  "name": "保护自己",
  "icon": "minecraft:stone",
  "category": "lexicon:tips_tricks",
  "pages": [
    {
      "type": "patchouli:text",
      "text": "一些怪物可以被欺骗，你可以躲在一个比对手更小的洞里，并从那里攻击他们。$(br2)但你也可以堆建筑物，直到对手无法接近你。(饭：当一个卑鄙的两格人：D）"
    },
    {
      "type": "patchouli:image",
      "images": [
        "lexicon:textures/pictures/save_hole.png"
      ],
      "border": true
    }
  ]
}
