{
  "name": "避免坠落伤害",
  "icon": "minecraft:slime_block",
  "category": "lexicon:tips_tricks",
  "pages": [
    {
      "type": "patchouli:text",
      "text": "$(n)有多种方法可以避免坠落伤害：$()$(br)$(li)一些方块可以减少坠落伤害：$(item)干草块$()、$(item)粘液方块$()、$(item)蜂蜜方块$()、$(l:useables/bed)$(item)床$()、$(item)蜘蛛网$()、$(item)粉雪$()，等等。$(br)$(li)落在$(item)水$()中可以完全避免坠落伤害。如果你从高处坠落，你应该迅速将$(item)水桶$()倒在你将要落到的方块上，这样$(item)水$()可以减缓你的坠落。"
    },
    {
      "type": "patchouli:text",
      "text": "$(br2)$(li)$(item)船$()可以完全消除自身和内部的$(l:creatures/human-player)$(thing)玩家$()/$(thing)生物$()的坠落伤害，使它们在穿越$(thing)山脉$()或$(l:world/dimensions#nether)$(thing)下界$()时非常有用。$(br)$(li)具有$(l:enchanting/enchantments#feather_falling)$(thing)羽落$()附魔的$(item)靴子$()。$(br)$(li)$(l:brewing/brewing)$(item)缓降药水$()"
    }
  ]
}
