{
  "name": "重要的Shift键",
  "icon": "minecraft:player_head",
  "category": "lexicon:tips_tricks",
  "pages": [
    {
      "type": "patchouli:text",
      "text": "$(n)Shift键有许多有用的功能，你应该了解：$() $(li)在合成物品时，按住$(thing)Shift$()键并$(thing)点击$()合成结果会自动使用所需的材料合成最大数量的物品，并将所有合成的物品移动到背包中。$(li)手持方块时，按住$(thing)Shift$()键并$(thing)右键点击$()可覆盖$(thing)使用$()操作并放置方块。$(li)按住$(thing)Shift$()键时，你不会从方块边缘掉落。"
    },
    {
      "type": "patchouli:text",
      "text": "$(li)当打开背包时，按住$(thing)Shift$()键并$(thing)点击$()物品或堆叠可在背包和快捷栏之间移动。$(li)按住$(thing)Shift$()键并$(thing)点击$()一件护甲、生物头颅或一对$(item)鞘翅$()可在背包和护甲槽之间移动。$(li)按住$(thing)Shift$()键并$(thing)点击$()一个$(item)盾牌$()可在背包和副手槽之间移动。$(li)当容器打开时，按住$(thing)Shift$()键并$(thing)点击$()物品可在容器和背包之间移动一整组物品。$(li)按住$(thing)Shift$()键并$(thing)双击$()可移动相同类型的所有物品。要进行$(thing)Shift$() + $(thing)双击$()操作，首先手持一个物品，然后在按住$(thing)Shift$()键的同时，$(thing)双击$()另一种物品类型即可移动它们。"
    }
  ]
}
