{
  "name": "减速方块",
  "icon": "minecraft:soul_sand",
  "category": "lexicon:tips_tricks",
  "pages": [
    {
      "type": "patchouli:text",
      "text": "$(item)灵魂沙$()通常会减慢生物和$(l:creatures/human-player)$(thing)玩家$()在上面行走的速度。$(br2)通过将$(item)灵魂沙$()直接放置在任何$(item)冰块$()或$(item)粘液块$()上，可以增加这种减速效果。"
    },
    {
      "type": "patchouli:image",
      "images": [
        "lexicon:textures/pictures/slow_walking.png"
      ],
      "border": true
    }
  ]
}
