{
  "name": "快速船行",
  "icon": "minecraft:blue_ice",
  "category": "lexicon:tips_tricks",
  "pages": [
    {
      "type": "patchouli:text",
      "text": "如果$(l:creatures/human-player)$(thing)玩家$()驾驶$(item)船$()在$(item)冰$()上，他们会突然发现自己以他们认为不可能的速度飞驰。$(br2)这是从一个区域到另一个区域快速旅行的好方法。$(br2)虽然所有类型的$(thing)冰$()与$(item)船$()结合时都会提供这种效果，但$(item)蓝冰$()提供的旅行速度最快。"
    },
    {
      "type": "patchouli:image",
      "images": [
        "lexicon:textures/pictures/speed_boat.png"
      ],
      "border": true
    }
  ]
}
