{
  "name": "水下呼吸",
  "icon": "minecraft:water_bucket",
  "category": "lexicon:tips_tricks",
  "pages": [
    {
      "type": "patchouli:text",
      "text": "如果此刻没有$(item)海龟壳$()或$(l:brewing/brewing)$(item)水下呼吸药水$()可用，还有一些更简单的技巧可以使用。$(br2)如果你在水下放置一个小于完整方块的方块，就会形成空气供你呼吸。"
    },
    {
      "type": "patchouli:image",
      "images": [
        "lexicon:textures/pictures/underwater_air.png"
      ],
      "border": true
    }
  ]
}
