{
  "name": "有用的命名牌",
  "icon": "minecraft:name_tag",
  "category": "lexicon:tips_tricks",
  "pages": [
    {
      "type": "patchouli:text",
      "text": "$(item)命名牌$()是一种用于给世界中的生物命名并防止它们自然$(n)消失$()的物品。"
    },
    {
      "type": "patchouli:crafting",
      "recipe": "minecraft:anvil",
      "title": " ",
      "text": "要使用命名牌，必须先使用$(l:useables/anvil)$(item)铁砧$()对其进行重命名，这将消耗1点经验等级。"
    },
    {
      "type": "patchouli:text",
      "text": "$(n)彩蛋:$() $(br)$(li)将命名为$(o)Dinnerbone$()或$(o)Grumm$()的大部分生物会倒置显示。$(br)$(li)将$(l:creatures/animal-sheep)$(thing)绵羊$()命名为$(o)jeb_$()会使其毛色在染料颜色之间渐变，产生彩虹效果。$(br)$(li)将$(l:creatures/animal-rabbit)$(thing)兔子$()命名为$(o)Toast$()会使其拥有特殊的皮肤。$(br)$(li)将$(l:creatures/human-vindicator)$(thing)复仇者$()命名为$(o)Johnny$()会使其对所有生物都具有攻击性。"
    },
    {
      "type": "patchouli:image",
      "images": [
        "lexicon:textures/pictures/upside-down.png"
      ],
      "border": true
    }
  ]
}
