{
  "name": "水上升梯",
  "icon": "minecraft:magma_block",
  "category": "lexicon:tips_tricks",
  "pages": [
    {
      "type": "patchouli:text",
      "text": "当一个$(item)水源方块$()直接位于一个$(item)岩浆块$()的上方时，会形成一个向下的漩涡气泡柱，从最高的水源方块开始向下延伸。$(br)任何接触到气泡柱的物体，包括物品、$(item)船只$()、$(l:creatures/human-player)$(thing)玩家$()和生物，都会被向下吸引。$(br2)而$(item)灵魂沙$()则可以实现相反的效果（即向上推动）。$(br2)这一特性使其非常适合用于建造升降梯、物品输送系统或生物陷阱。"
    },
    {
      "type": "patchouli:image",
      "images": [
        "lexicon:textures/pictures/water_elevator.png"
      ],
      "border": true
    }
  ]
}
