{
  "name": "获取自己的头颅",
  "icon": "minecraft:player_head",
  "category": "lexicon:tips_tricks",
  "pages": [
    {
      "type": "patchouli:text",
      "text": "你可以使用一个简单的$(l:commands)$(thing)命令$()在游戏中获得一个带有你自己$(l:creatures/human-player)$(thing)玩家$()皮肤的$(l:rare/mob_head)$(item)头颅$()：$(br2)/give @p minecraft:player_head{SkullOwner:$(o)玩家名称$()}"
    },
    {
      "type": "patchouli:image",
      "images": [
        "lexicon:textures/pictures/player_head.png"
      ],
      "border": false
    }
  ]
}
