{
  "name": "常规",
  "icon": "minecraft:crafting_table",
  "category": "lexicon:crafting",
  "sortnum": 1,
  "pages": [
    {
      "type": "patchouli:text",
      "text": "合成是制作工具、物品和方块的过程。$(br2)$(l:creatures/human-player)$(thing)玩家$()可以通过将物品从背包移动到合成网格中，并按照配方进行排列来进行合成。$(br2)可以通过从背包中访问2×2合成网格，或使用$(l:useables/crafting_table)$(item)合成台$()来访问3×3合成网格。"
    },
    {
      "type": "patchouli:crafting",
      "recipe": "minecraft:crafting_table",
      "text": "$(br)在2×2合成网格中合成的物品也可以在3×3合成网格中合成。"
    },
    {
      "type": "patchouli:spotlight",
      "item": "minecraft:knowledge_book",
      "text": "$(item)配方手册$()是一种机制，既作为配方目录，又作为合成指南。$(br2)它显示了$(l:creatures/human-player)$(thing)玩家$()在材料齐全时的每个合成配方。"
    }
  ]
}