{
  "name": "生物群系",
  "icon": "minecraft:filled_map",
  "category": "lexicon:world",
  "sortnum": 2,
  "pages": [
    {
      "type": "patchouli:text",
      "text": "生物群系是世界中具有独特地理特征、植被、温度、湿度评级以及天空、水、草地和植被颜色的区域。$(br2)生物群系将每个生成的世界分为不同的环境，如森林、沙漠和针叶林。"
    },
    {
      "type": "patchouli:image",
      "images": [
        "lexicon:textures/pictures/biomes.png"
      ],
      "border": true,
      "text": "你可以使用$(thing)/locate biome$()命令查找特定的生物群系。（饭：整合包内也可使用自然罗盘）"
    }
  ]
}
