{
  "name": "维度",
  "icon": "minecraft:end_portal_frame",
  "category": "lexicon:world",
  "sortnum": 1,
  "pages": [
    {
      "type": "patchouli:text",
      "text": "维度是世界中可访问的领域，具有独特的生成方式、生物群系、结构和其他特点。$(br2)$(l:creatures/human-player)$(thing)玩家$()可以通过使用传送门来探索和发现Minecraft中的各种维度。"
    },
    {
      "type": "patchouli:text",
      "text": "$(br2)不同维度中的白天循环、天气、重生点（如$(l:useables/bed)$(item)床$()和$(l:useables/respawn_anchor)$(item)重生锚$()）以及移动速度可能会有所不同，有些维度只能通过传送门访问。"
    },
    {
      "type": "patchouli:text",
      "title": "主世界",
      "anchor": "overworld",
      "text": "主世界是Minecraft中的主要维度。它拥有各种独特的生物群系可供探索，是维度中最多样化的。   $(br) $(li)大量不同的生物群系 $(li)丰富的生物种类 $(li)水域 $(li)白天循环 $(li)天气 $(li)384方块的世界高度"
    },
    {
      "type": "patchouli:image",
      "images": [
        "lexicon:textures/pictures/overworld.png"
      ],
      "border": true
    },
    {
      "type": "patchouli:text",
      "title": "地狱",
      "anchor": "nether",
      "text": "地狱是一个遍布火海的危险维度。地面主要由$(item)地狱岩$()组成，被认为是游戏中的地下世界。 $(br) $(li)充满混乱、凌乱、危险、洞穴般的地形 $(li)岩浆海洋 $(li)由$(item)基岩$()组成的顶层 $(li)加快的移动速度 $(li)使用已充能的$(l:useables/respawn_anchor)$(item)重生锚$()设置重生点 $(li)256方块的世界高度"
    },
    {
      "type": "patchouli:image",
      "images": [
        "lexicon:textures/pictures/nether.png",
        "lexicon:textures/pictures/nether_portal.png"
      ],
      "border": true
    },
    {
      "type": "patchouli:text",
      "title": "末地",
      "anchor": "end",
      "text": "末地是一个类似太空的维度（饭：据说原型是木星周围的小行星带），拥有漂浮的$(item)末地石$()岛屿。这里的环境非常荒凉，但也是游戏中获得一些最独特和有用物品的唯一地方。 $(br) $(li)直接进入虚空 $(li)$(l:creatures/boss-ender_dragon)$(thing)末影龙$()的家园 $(li)漂浮的$(item)末地石$()岛屿 $(li)大型的$(item)黑曜石$()柱 $(li)256方块的世界高度"
    },
    {
      "type": "patchouli:image",
      "images": [
        "lexicon:textures/pictures/end.png",
        "lexicon:textures/pictures/end_portal.png"
      ],
      "border": true
    }
  ]
}
