{
  "name": "背景故事",
  "icon": "minecraft:writable_book",
  "category": "lexicon:world",
  "sortnum": 4,
  "pages": [
    {
      "type": "patchouli:text",
      "text": "故事开始于早期时代，那时的$(n)远古开创者$()是流浪的游牧民族。$(br2)他们制造工具来工作，制造武器和护甲来战斗和生存，极高的智慧让他们能够操纵周围的世界。"
    },
    {
      "type": "patchouli:text",
      "text": "为了不让他们过度劳累，防止他们浪费生命，片尾字幕（直译便是如此，片尾字幕指的是首次击败末影龙后进入传送门出现的终末之诗）中出现的神秘实体创造了$(thing)幻翼$()；它们吸收那些因过度劳累或不断挖掘和建造而死亡的灵魂。$(br2)$(thing)幻翼$()会攻击那些没有充足睡眠的人，所以，“他们”不会使用强大力量或敌对策略攻击。这并不是一种惩罚，只是一种警告。"
    },
    {
      "type": "patchouli:text",
      "text": "但是，他们越是建造，就越渴望创造更多，重塑世界的欲望无法被（指恶心的幻翼夜袭来催促玩家睡觉）休息所阻止。$(br2)最终，他们创造出守护自己的生物，即$(thing)雪傀儡$()以及更为强大的存在：$(thing)铁傀儡$()。"
    },
    {
      "type": "patchouli:entity",
      "entity": "minecraft:iron_golem",
      "scale": "1.0",
      "rotate": false,
      "name": " ",
      "text": "$(thing)铁傀儡的出现$()改变了游戏规则。"
    },
    {
      "type": "patchouli:text",
      "text": "于是镇上的居民不再惧怕$(thing)蜘蛛$()、$(thing)史莱姆$()和其他危险生物的骚扰，因此他们可以离开村庄并建造新的、更伟大的建筑物$(br2)他们思考如何远离或伤害$(thing)苦力怕$()，因为苦力怕的爆炸对傀儡的稳定性和整个村庄都构成了巨大的风险。"
    },
    {
      "type": "patchouli:text",
      "text": "如果$(thing)苦力怕$()在被击败之前爆炸，它会散播孢子，孢子会生长出更多的苦力怕；仍然会危害到$(thing)村庄$()。$(br2)幸运的是，他们发现了$(thing)苦力怕$()会对猫科动物感到恐惧，便开始驯化猫类。$(br2)纵然他们拥有了这一切，却还是想要更进一步"
    },
    {
      "type": "patchouli:text",
      "text": "大部分开创者还在继续建造，但一个相对较小的社区分裂出来形成了第一个$(thing)村庄$()。$(br2)经过多年的隔离和演变，这些（不再进行建筑，工作的）开创者变成了$(thing)村民$()，保留了一些智力，但早已失去了大部分能力。"
    },
    {
      "type": "patchouli:entity",
      "entity": "minecraft:villager",
      "scale": "1.0",
      "rotate": false,
      "name": " "
    },
    {
      "type": "patchouli:text",
      "text": "2. 社会的分裂$(br)与此同时，开创者对创造生命的想法陷入了痴迷，这个想法源于他们与傀儡的最初几次实验。$(br2)在这里，他们之中又有了新的意见分歧。$(br)魔法的发现，如$(item)药水$()和附魔，使那些不赞成这种奇异疯狂的行为的部分开创者出于伦理道德的原因而离开了开创者社区。$(br2)毕竟，如果$(thing)村民$()能做到，为什么他们不能呢？"
    },
    {
      "type": "patchouli:text",
      "text": "他们消失在丛林中，在多年后，于丛林深处、沙漠之中、海水之下建造了伟大宏伟的建筑，不依赖魔法，而是科学，他们想要创造一个将科学技术发展到顶峰的世界，至少他们努力成为这样。$(br2)然而，另一边的开创者又有了令他们十分兴奋的新的关于魔法物品的发现，并继续深入研究后，了解了运用$(item)末影珍珠$()可以实现传送的功能。$(br2)$(item)末影珍珠$()并不是来自$(thing)末影人$()的身体部分，它们也不是字面意义上的珍珠；它们是一种装置。"
    },
    {
      "type": "patchouli:spotlight",
      "item": "minecraft:ender_pearl",
      "title": " ",
      "text": "不管是魔法造物还是高科技产品，它们都容易被$(thing)蠹虫侵染。$()蠹虫十分容易被魔法物品的魔力或科技的能量源散发的能量所吸引。$(br2)一旦发现了“传送”，就很快发现了传送门。$(br2)$(thing)地狱$()的发现是另一个重大的历史转变。"
    },
    {
      "type": "patchouli:text",
      "title": "3. 地狱殖民",
      "text": "想象一下他们可以带走多少$(item)金$()和即将发现的$(item)下界合金$()？再想想那些魔法...$(br2)当开创者进入$(thing)地狱$()时，他们发现那里异常炽热，甚至比我们今天所知的还要热；地狱唯一的原生生物是$(thing)烈焰人$()；这些生物具有魔法和火焰属性，除此之外几乎没有其他特征。"
    },
    {
      "type": "patchouli:text",
      "text": "在$(item)荧石$()和$(thing)地狱岩$()之间，有足够的魔法满足开创者对研究的渴望。至少，在刚开始一段时间内是这样的。$(br2)他们建造了宏伟的$(thing)堡垒$()来储存他们开采的财富，以及$(thing)要塞$()来防御，然后捕获和研究$(thing)烈焰人$()。$(br2)他们从主世界带来了$(thing)猪$()，养殖猪可以作为可靠的食物来源，使$(thing)地狱$()更适宜居住。"
    },
    {
      "type": "patchouli:image",
      "images": [
        "lexicon:textures/pictures/nether.png"
      ],
      "border": true,
      "text": "而且，$(thing)猪$()不仅高产还善于适应新环境。"
    },
    {
      "type": "patchouli:text",
      "text": "他们尽可能的去尝试种植了其他作物，但地狱恶劣的干旱环境使种植和收获变得毫无可能。$(br2)幸运的是，$(item)蘑菇$()不需要$(item)水$()就能生长。$(br2)随着时间的推移，开创者开始专门培育他们唯一能够带来的动物。"
    },
    {
      "type": "patchouli:text",
      "text": "就像有些狗被培育成专门猎捕特定动物一样，$(thing)猪$()被分成三组不同的培育方向：$(br2)$(li)作为坐骑载着开创者在$(thing)地狱$()中旅行$(br)$(li)寻找黄金$(br)$(li)作为食物储备"
    },
    {
      "type": "patchouli:text",
      "text": "第二组猪被培育成能够识别$(item)黄金$()，就像村民和开创者一样，大量的训练和物品识别使其智力增加，能力增强。$(br2)它们变得越来越聪明，在开创者不在的情况下，它们进化成了$(thing)猪灵$()--类似人类的猪，有着文化、会使用工具，并且本能地被$(item)金$()所吸引，开创者的定向培育显然影响了它们的文化发展。"
    },
    {
      "type": "patchouli:entity",
      "entity": "minecraft:piglin",
      "scale": "1.0",
      "rotate": false,
      "name": " ",
      "text": "第三组猪被培育得体型更加庞大，以便它们有更多的肉。"
    },
    {
      "type": "patchouli:text",
      "text": "在没有主人的时候（指开创者长期外出旅行或死去时），它们能够生长并适应$(thing)地狱$()，将体型转化为肌肉和防御组织，长出獠牙以保护自己。并在$(item)地狱岩$()上挖掘。$(br2)它们生活在$(item)蘑菇$()所演变出的森林中，远古的巨大蘑菇演变成了树木，$(item)发光菇$()演化成了生长在其他植物上的植物，依靠魔力发光。"
    },
    {
      "type": "patchouli:text",
      "text": "世事难料，一些开创者在各种事故中死去了。$(br)与$(thing)烈焰人$()、其他开创者的战斗、高处坠落和$(item)跌入岩浆等等$()，而且他们还会因为年老而死去。$(br2)他们像以前一样埋葬他们的尸体，只是发现被埋葬的人会以焦黑、无灵魂的骷髅的形式再次复活。$(br2)作为亡灵，他们继续履行生前赋予他们的使命：保卫$(thing)堡垒$()，但是他们现在的亡灵之体会诅咒那些接触到他们的人，因此，他们不能再与故友或家人相识。"
    },
    {
      "type": "patchouli:entity",
      "entity": "minecraft:wither_skeleton",
      "scale": "1.0",
      "rotate": false,
      "name": "4. 发生了一些可怕的事",
      "text": "然而，一些人对此产生了兴趣。"
    },
    {
      "type": "patchouli:text",
      "text": "大多数死者现在被扔进$(item)岩浆$()中，以防止他们复活成亡灵，这就是为什么$(thing)堡垒$()有岩浆井室的原因。但有另一批死者依旧被埋葬，它们死后产生的$(thing)骷髅$()和$(item)灵魂沙土$()由专门的开创者精心研究。$(br2)$(br2)他们工作的时间越长，研究就越深入，他们开始痴迷于复活实验，痴迷于让死去的朋友回到活人的世界。。$(br2)一种能从灵魂中汲取能量的菌类$(item)地狱疣$)的发现进一步加强了他们这种信念。$(br2)很快，他们（指那些身处$(thing)地狱$()中研究“复活”的开创者），有了一些诡异的习惯和行为。至于那些反对的人..."
    },
    {
      "type": "patchouli:text",
      "text": "嗯，对于接下来的实验，他们（指“复活”实验反对派）将会是免费的材料。$(br2)$(thing)恶魂$()是对他们的尸体进行实验的结果，这是开创者对族内“叛徒”（立场不同）的惩罚，。$(br2)这就是为什么它们总是哭泣，为什么它们掉落$(item)恶魂之泪$()，为什么它们不能免疫火焰伤害。$(br2)虽然魔法更符合这个事件的进程和结果，但也有可能是使用某种科学技术完成的。"
    },
    {
      "type": "patchouli:text",
      "title": "5. 逃离",
      "text": "于是，一部分人逃离了$(thing)地狱$()，摧毁了他们的传送门，漂泊于海上，寻找遥远的适于居住的岛屿。$(br2)他们害怕成为$(thing)恶魂$()那样悲惨的存在，因此他们在船只上装满了大炮来保障自己的安全。$(br2)但仅仅这样是不够的，于是他们继续凭借着自己的聪明才智，创造出了现在被称为："
    },
    {
      "type": "patchouli:text",
      "text": "$(thing)守卫者$()和$(thing)远古守卫者$()的生物，它们的眼睛可以射出激光以消灭来袭的威胁或其他危险的存在，以防万一；毕竟，谁也不知道会不会有什么恶魂之外的诡异形态被派遣过来。$(br2)他们运用先进的科学技术将有机鱼类物质与$(item)海晶石$()结合起来，制造出了水生机器生物卫士，即使你隐身也能发现你。；"
    },
    {
      "type": "patchouli:spotlight",
      "item": "minecraft:prismarine_crystals",
      "title": " ",
      "text": "事实上这项功能对他们来说并不是必要的，除非他们知道敌人可以变得隐形，而我不认为他们会对$(thing)流浪商人$()感到紧张，这意味着他们唯一可能的威胁会是其他开创者。"
    },
    {
      "type": "patchouli:text",
      "text": "可以真正暴露其他开创者的是$(thing)远古守卫者$()。$(br2)这些生物会给入侵者带来$(thing)挖掘疲劳$()；这种力量只可能是为了一个目的而需要：阻碍其他开创者。$(br2)在逃离可怕的$(thing)地狱$()实验之后，这个岛屿社会建造了用于祭拜和避免潮汐的$(thing)建筑及塔楼$()，在其中着祈祷着能够安居乐业，他们使用$(item)钓鱼竿$()和$(item)三叉戟$()捕鱼觅食。"
    },
    {
      "type": "patchouli:text",
      "title": "6. 末地的开始",
      "text": "与此同时，另一边的开创者对生命和死亡的实验达到了高潮，但在一次实验中错误地创造出了$(thing)凋灵$()。$(br2)它强大的破坏力不仅能轻松破坏建筑和地形，而且散发出的$(thing)凋零诅咒$()会灼烧人们的灵魂。"
    },
    {
      "type": "patchouli:entity",
      "entity": "minecraft:wither",
      "scale": "1.0",
      "rotate": false,
      "name": " "
    },
    {
      "type": "patchouli:text",
      "text": "凋灵的诅咒就像是一种传染病，能够快速的传播到其他受害者并使他们的身体发生诡变，出现了$(thing)僵尸$()和$(thing)骷髅$()。$(br2)然而，$(thing)凋零诅咒$()不仅仅在物理上起作用，还在隐喻上起作用。$(br2)这个诅咒不止于此，它是一种惩罚。"
    },
    {
      "type": "patchouli:text",
      "text": "凋灵事件导致地狱社会的再次分裂，有一群人将这一事件视为宗教经历的标志。一些人就此进入了$(thing)沙漠$()，因为严酷的阳光能够保护他们免受亡灵生物的侵害，而且他们十分崇拜猫科动物，因为它们能吓跑$(thing)苦力怕$()，这是唯一真正需要担心的威胁，$(thing)蜘蛛$()倒是不足为惧。"
    },
    {
      "type": "patchouli:text",
      "text": "除了猫科动物，他们崇拜生命本身，他们在沙漠中建起神庙并在那里描绘了生命的象征——$(item)Ankh$()，以及$(thing)凋灵$()作为死亡的象征。（根据现代）从神庙内发现的箱子，可以推测出这是墓地，有$(item)腐肉$()和$(item)骨头$()，我们可以看到除了使用大量的魔法之外，"
    },
    {
      "type": "patchouli:text",
      "text": "他们（拥有墓地的这部分人）也是富有的人，常见的财富有$(item)金$()和$(item)绿宝石$()，通过$(item)TNT$()陷阱保护墓地，这再次表明他们害怕的不仅仅是盗墓贼，而是其他开创者。在相当长的时间里，他们整体生存无碍但难以繁荣。贵族压榨了他们的财富和食物，使得下层阶级不断遭受饥饿的折磨。这导致他们为了寻找食物不得不远离沙漠王国，流浪在外。"
    },
    {
      "type": "patchouli:text",
      "text": "一些流浪在沙漠王国外的人们感染了诅咒，不只是变成普通的$(thing)僵尸$()和$(thing)僵尸村民$()，他们还在饥饿诱发的昏迷状态下漫无目的地徘徊，这种昏迷是来自痛苦和阳光的长时间爆嗮，再加上$(thing)凋灵$()的诅咒，他们变成了食尸鬼。"
    },
    {
      "type": "patchouli:entity",
      "entity": "minecraft:zombie",
      "scale": "1.0",
      "rotate": false,
      "name": " ",
      "text": "$(br)他们饥饿至极，甚至会攻击和吃掉自己的同类。"
    },
    {
      "type": "patchouli:text",
      "text": "他们最终变成了没有灵魂的*干尸*（尸壳），在死亡中继续猎杀和进食，诅咒赋予他们的力量使他们能够将驱使他们疯狂的饥饿感施加到被他们攻击的人身上。贵族的自私和$(thing)凋灵$()的诅咒使这个看似安全的沙漠王国陷入了困境。"
    },
    {
      "type": "patchouli:text",
      "title": "7. 不惜一切代价守护家园",
      "text": "与此同时，水位不断上涨。$(br2)这是由于使用一些魔法导致的$(thing)地狱$()冷却，从而使热量传输到$(thing)主世界$()，于是主世界变得更加炎热。$(br2)冰川融化成更多的海洋，而岛屿开创者（或者现在应该称为海洋文明）开始寻找$(item)海洋之心$()，而那些留在岛上的人则收集$(item)鹦鹉螺壳$()，这样当有人带着海洋之心返回时，"
    },
    {
      "type": "patchouli:spotlight",
      "item": "minecraft:conduit",
      "title": " ",
      "text": "他们可以创建一个$(item)潮涌核心$()，利用它的力量来抵御水位的上涨，再于$(thing)海底神殿$()之中铺设$(item)海绵$()房间来拖延时间。$(br2)但他们还是慢了一步，因为他们在建造和维护$(thing)守卫者$()和$(thing)远古守卫者$()以及其它战争武器上浪费了太多时间。$(br2)最终，水位还是大幅上涨，他们的岛屿家园被大海淹没。"
    },
    {
      "type": "patchouli:text",
      "text": "许多海岛开创者逝去了，在$(thing)凋灵$()的诅咒以及海洋物质的作用下，他们变成了$(thing)溺尸$()。$(br2)在陆地上，丛林文明也无法抵御$(thing)凋灵$()，茂密的树林不仅提供了足够的阴影可以帮助亡灵生物躲避阳光的灼烧，而且树木之间狭小空间限制了铁傀儡的战斗，于是茂密的丛林使得诅咒像野火一样迅速传播。"
    },
    {
      "type": "patchouli:text",
      "text": "而陆地上那些没有建立王国的人，那些迷失在寒冷中的人，变成了$(thing)冰骷髅（流浪者）$()，诅咒让他们有了能够给其他人施加寒冷感的力量。$(br2)他们射出的$(item)箭矢$()附带寒冰的气息，可以使敌人减速。"
    },
    {
      "type": "patchouli:text",
      "text": "在$(thing)主世界$()和$(thing)地狱$()中，在诅咒最终杀死所有人之前，所有人都面临着如何处理尸体的问题。$(br2)为避免感染不能去埋葬尸体。$(br2)也不能简单地将尸体留在那里，因为它们会再次复活并攻击传染你。"
    },
    {
      "type": "patchouli:text",
      "title": "8. 更多的实验",
      "text": "（地狱）开创者可怕的实验引起了越来越多的不满情绪，$(thing)凋灵$()事件导致$(thing)村民$()不仅拒绝发展科技，而且将（地狱开创者的一切）实验视为邪恶。他们只依靠本地交易生存，面包师和屠夫提供食物，铁匠提供材料，图书管理员和制图师提供知识，牧师提供治疗。"
    },
    {
      "type": "patchouli:text",
      "text": "但是$(thing)僵尸村民$()的发现使事情变得复杂起来。$(br2)即使有守护村民的$(thing)铁傀儡$()，$(thing)村庄$()也变得不再安全，因为一个被感染的$(thing)村民$()可能会在某刻突变成僵尸，而且继续感染其他村民以至于最终摧毁整个村庄。$(br2)因此，为了村民的整体利益与安全，一些牧师开始在暗地里聚集并探讨解决方案（这样的做法与$(thing)村庄$()的运作模式相悖）。"
    },
    {
      "type": "patchouli:text",
      "text": "他们在一个(thing)冰屋()使用简单的内饰作为掩护，藏于秘密的地下室进行了魔法实验。地下室里有一个(item)酿造台()，一些(item)虚弱药水()和(item)金苹果()，以及两个被关在笼子里的(thing)村民()，一个是正常的，另一个是僵尸化的。两者之间有一个标牌，上面显示着来回指向两者的箭头。"
    },
    {
      "type": "patchouli:text",
      "text": "他们做到了。这经过了很多实验，很多试错，可能有很多故意感染$(thing)村民$()的行为，以至于这群牧师被称为$(thing)女巫$()而且受到其他$(thing)村民$()的谴责和驱逐。尽管如此，他们依旧成功了；他们发现了治愈$(thing)村民$()僵尸化的方法，只需一个$(item)虚弱药水$()和一个$(item)金苹果$()。"
    },
    {
      "type": "patchouli:entity",
      "entity": "minecraft:witch",
      "scale": "0.8",
      "offset": "0.2",
      "rotate": false,
      "name": " "
    },
    {
      "type": "patchouli:text",
      "text": "然而其他$(thing)村民$()拒绝实验和发展，认为绑架和故意感染$(thing)村民$()就算意图良好，也是犯罪。这些参与实验的牧师被称为$(thing)女巫$()，被驱逐出村庄，在荒野中生活，但女巫们并不憎恨这些村民，他们始终认为这一切灾难的罪魁祸首是那些开创者。"
    },
    {
      "type": "patchouli:text",
      "title": "9. 越来越糟糕...",
      "text": "为了躲避地上的各种灾祸，幸存的陆地开创者迁移到了地下生存，他们在$(thing)深暗之域$()创建了大型城市，并继续研究和发展的红石科技和魔法实验。"
    },
    {
      "type": "patchouli:text",
      "text": "好景不长，在某一天，一个私自外出的开创者看到了$(thing)凋灵$()，他竭尽全力的逃跑，想要摆脱凋灵。但$(thing)凋灵$()最终还是跟随他来到了城市入口。于是护城军队只能奋起抵抗，拼死战斗。但所有人都知道这样下去也只会全军覆灭，因此，他们只能尝试去激活城市中心那最近建成而尚未进行过任何测试的大型传送门，在一阵奇异的声音响起时，传送门启动成功了！"
    },
    {
      "type": "patchouli:text",
      "text": "他们希望找到一个可以逃离凋灵的新维度，然而发生的事情并不如他们所预期。一个巨大的怪物，即今天所称的$(thing)监守者$()从点亮的传送门中出现，并与$(thing)凋灵$()展开了毁灭性的大战。最终，这个奇特的怪物获胜了。总之，结果是好的，凋灵被消灭了。"
    },
    {
      "type": "patchouli:entity",
      "entity": "minecraft:warden",
      "scale": "1.0",
      "rotate": false,
      "name": " ",
      "text": "大战结束后，$(thing)监守者$()缩入了岩石之下。开创者们充满喜悦和谦卑地崇拜这个强大的生物。"
    },
    {
      "type": "patchouli:spotlight",
      "item": "minecraft:sculk",
      "title": " ",
      "text": "突然，类似蘑菇的生命形式——$(item)幽匿$()迅速从传送门中蔓延开来。为了阻止它们进一步蔓延，他们关闭了传送门，但为时已晚。巨大的噪音激活了$(item)幽匿块$()，并召唤出一个或多个攻击开创者们的$(thing)监守者$()，他们只得避免发出噪声，缓慢的潜行以逃离城市。"
    },
    {
      "type": "patchouli:text",
      "text": "但他们在主世界已经没有其他去处。就像其他开创者曾逃离到另一个世界（指地狱）一样，地下开创者们决定去到新的维度。他们窃取了$(item)幽匿催发体$()方块，使用它们制作了$(item)末地传送门框架$()并建造起$(thing)要塞$()，以抵御$(thing)监守者$()依靠$(item)幽匿$()蔓延过来的进攻。"
    },
    {
      "type": "patchouli:text",
      "title": "10. 腐化",
      "text": "某天，一些$(thing)村民$()迷路了，他们可能是最近被驱逐的$(thing)女巫$()。他们被困在一个洞穴中，试图逃脱时却发现了$(thing)要塞$()。要塞剩下的开创者们将$(item)支配之球$()交给他们，并告诉他们只需遵循支配之球的指示（这段故事可能与我的世界地下城有关），它的知识和力量将帮助他们修复长期以来被破坏的废墟。随后，地下开创者们便通过传送门进入了$(thing)末地$()。"
    },
    {
      "type": "patchouli:text",
      "text": "然而，部分自大的（或者说为追求力量而迷失本心的）地下开创者，他们（依靠某种魔法或科技）将自己凝结成了没有实体形态的纯粹力量的结晶体，（没有实体形态来使他们对事物感同身受）失去了同情心（或者说世俗的伦理道德），被驱逐的$(thing)村民$()便成了让他们可以为所欲为的实验品。他们（指村民）被$(item)支配之球$()的魔力腐化，皮肤变灰（可能是因为腐化或长时间缺少阳光），于是他们（指村民）被迫继续对生命、死亡和魔法进行实验。"
    },
    {
      "type": "patchouli:text",
      "text": "他们（指受支配之球控制的腐化村民#其实就是现在所称的灾厄村民#）创造了(thing)劫掠兽()和(thing)唤魔者()，招募更多的(thing)村民()加入他们的行列，成为带有魔法光环的(thing)劫掠者()，通过不祥之兆（的魔法）呼叫援军。而被治愈后从(thing)僵尸村民()变回(thing)村民()的人，因为害怕而被村庄判罪和惩罚，于是加入他们成为(thing)劫掠者()。这种魔法甚至使他们能够与怪物共存，不会受到亡灵生物或其他野兽的攻击。"
    },
    {
      "type": "patchouli:spotlight",
      "item": "minecraft:totem_of_undying",
      "title": " ",
      "text": "最初的（劫掠阵营的）统治者拥有$(item)黄金支配之球$()，他的故事早已成为传说，常被$(thing)林地府邸$()中的人讨论——无论是意外丢失了支配之球、损坏了，或者更夸张地说，它被用来制作$(item)不死图腾$()。"
    },
    {
      "type": "patchouli:text",
      "text": "无论是哪种情况，$(thing)劫掠者$()们都没有更多的$(item)支配之球$()了。虽然魔法仍然存在，但缺少支配之球导致他们的实验无法继续进行。不过他们记得它来自何处，根据有关$(item)末地传送门$()事件的记载，他们开始模仿早期的劫掠者，试图召唤更多的开创者以获得新的$(item)支配之球$()。"
    },
    {
      "type": "patchouli:text",
      "text": "但是召唤并没有成功，即使他们使用的是真正的传送门而不是$(item)羊毛$()，开创者们也不会来。尽管如此，这些灰色皮肤的愚者（劫掠者）还是继续着下去，收集堆积的蓝色和青色$(item)羊毛$()，将其视为已故开创者们的服装，建造虚假的$(thing)要塞$()，并继续对生命、死亡和魔法进行实验。"
    },
    {
      "type": "patchouli:entity",
      "entity": "minecraft:ender_dragon",
      "scale": "1.5",
      "offset": "-5",
      "default_rotation": "120",
      "rotate": false,
      "name": "11. 末地",
      "text": "$(br)最后，我们终于来到$(thing)末地$()。"
    },
    {
      "type": "patchouli:text",
      "text": "这是一个由浮空岛屿群、永恒的黑暗以及一条巨大的龙组成的维度。除了创建用于存储宝藏的$(thing)末地城市$()，由$(thing)S潜影贝$()守卫，这是一种被开创者定向培育用来守卫城市的本地物种。建造$(thing)末地船$()的开创者，他们是寻求杀死巨龙的勇士，但最终失败了。"
    },
    {
      "type": "patchouli:text",
      "text": "没有了回到$(thing)主世界$()的途径，这些末地开创者们逐渐衰退，智力逐渐下降，诅咒蚕食着他们的思维。他们身上的$(item)末影珍珠$()设备与他们融为一体，而且他们还可以通过食用$(item)紫颂果$()来传送（紫颂果是他们在末地唯一的食物来源）。"
    },
    {
      "type": "patchouli:text",
      "text": "在$(thing)末地$()的许多年后，他们的后代变得更高以更好地摘取$(item)紫颂果$()，他们的眼睛发生了变异，在他们的视角下，末地虚空就犹如主世界蓝色的天空，他们的皮肤也因黑暗的环境而变得黝黑——他们最终变成了$(thing)末影人$()。"
    },
    {
      "type": "patchouli:entity",
      "entity": "minecraft:enderman",
      "scale": "1.0",
      "rotate": false,
      "name": " ",
      "text": "$(br)他们具有的混乱的传送性质使得一些末影人出现在其他维度中，随着时间的推移，这种情况使得$(thing)主世界$()和$(thing)下界$()中诞生了一个稳定的$(thing)末影人$()种群，他们在主世界中由于反转的视觉而变成了夜行性动物，在下界中喜欢游荡在宁静的诡异森林。而那些曾进入$(item)末影珍珠$()内寄生的$(thing)蠹虫$()进化成了$(thing)末影螨$()。"
    },
    {
      "type": "patchouli:text",
      "title": "12. 你的角色",
      "text": "现在让我们谈谈你是谁，你是那些“开创者”之一，但不仅仅是普通的“开创者”，而是制造了$(thing)凋灵$()并引发了所有混乱的那个人。这就是为什么$(thing)末影人$()一见到你的脸就会攻击你，为什么$(thing)猪灵$()对你充满敌意，为什么$(thing)劫掠者$()害怕你，为什么$(thing)铁傀儡（当你表现出敌对态度时）$()会毫不犹豫地击败你，以及为什么神秘宇宙实体在$(l)解放末地$()时会那么自豪的谈论你所做的一切。"
    },
    {
      "type": "patchouli:text",
      "text": " "
    },
    {
      "type": "patchouli:text",
      "title": "最后的话",
      "text": "这是一个关于傲慢和贪婪的故事————一些富有才能的人被腐化的野心驱使而引起充满魔法的旧世界诸多灾难的故事，根据你的所作所为，这也可能是一个关于救赎和纠正过去错误的故事。"
    },
    {
      "type": "patchouli:text",
      "text": "这些故事事实上没有得到游戏开发者的确认，但可以根据游戏中的各种线索进行推测。它可能不是完全正确的，但解释了许多事情！这个理论主要是由$(l:https://www.youtube.com/channel/UCo_IB5145EVNcf8hw1Kku7w)MatPat$()整理的，更多细节可以在$(l:https://www.reddit.com/r/GameTheorists/comments/qfclup/i_think_i_solved_minecrafts_complete_lore/)这里$()找到。"
    },
    {
      "type": "patchouli:text",
      "text": "这里是盖饭君的话：括号（）中都是我个人进行的补充，你可以移出资源包中的汉化包查看原文。这是我的个人翻译，可能会有些疏漏或错误，如有发现，请向我反馈。$(li)1这篇故事让我想起一个模拟宇宙假说（Simulation Hypothesis）。它提出了一个概念：我们所处的世界可能只是一个由先进的智能生命所创造的虚拟世界。模拟宇宙假说的核心概念是：我们所认为的真实世界只是一个虚拟实体。它认为，我们的宇宙是由一个超级计算机所模拟的，我们所经历的一切都是程序为我们设计的结果。在这个虚拟宇宙中，我们的身体、思维和行为都被控制着，我们的感受和经验也只是程序为我们所设计的幻觉.$(li)2与这个假说相似的内容你也许在刘慈欣的小说、瑞克与莫蒂动画、黑客帝国等等作品中见到过，但个人认为这篇故事和《刀剑神域》中under world（以下简称UW）更像，初代的“开创者”对应UW中的首批人类（外部现实世界制造的AI），神秘实体对应现实世界的人类操作员，同样的，玩家可以进入MC或UW去影响世界的发展"
    }
  ]
}