{
  "name": "结构",
  "icon": "minecraft:compass",
  "category": "lexicon:world",
  "sortnum": 3,
  "pages": [
    {
      "type": "patchouli:text",
      "text": "结构是在你的世界中随机生成的。 $(br2)结构可以在各个维度的许多生物群系中找到。 $(br2)一些结构可以通过使用$(thing)/locate$()命令来找到。"
    },
    {
      "type": "patchouli:image",
      "images": [
        "lexicon:textures/pictures/mineshaft.png"
      ],
      "border": false,
      "title": "矿井",
      "text": "$(n)位置:$() 主世界 (地下) $(br)$(n)稀有度:$() 普通",
      "anchor": "mineshaft"
    },
    {
      "type": "patchouli:image",
      "images": [
        "lexicon:textures/pictures/stronghold.png"
      ],
      "border": false,
      "title": "要塞",
      "text": "$(n)位置:$() 主世界 (地下) $(br)$(n)稀有度:$() 非常稀有",
      "anchor": "stronghold"
    },
    {
      "type": "patchouli:image",
      "images": [
        "lexicon:textures/pictures/buried_treasure.png"
      ],
      "border": true,
      "title": "埋藏的宝藏",
      "text": "$(n)位置:$() 海滩 (地下) $(br)$(n)稀有度:$() 稀有",
      "anchor": "treasure"
    },
    {
      "type": "patchouli:image",
      "images": [
        "lexicon:textures/pictures/desert_pyramid.png"
      ],
      "border": false,
      "title": "沙漠神殿",
      "text": "$(n)位置:$() 沙漠 $(br)$(n)稀有度:$() 不常见",
      "anchor": "pyramid"
    },
    {
      "type": "patchouli:image",
      "images": [
        "lexicon:textures/pictures/igloo.png"
      ],
      "border": false,
      "title": "冰屋",
      "text": "$(n)位置:$() 雪原平原、雪原针叶林 $(br)$(n)稀有度:$() 稀有",
      "anchor": "igloo"
    },
    {
      "type": "patchouli:image",
      "images": [
        "lexicon:textures/pictures/jungle_temple.png"
      ],
      "border": false,
      "title": "丛林神庙",
      "text": "$(n)位置:$() 丛林 $(br)$(n)稀有度:$() 稀有",
      "anchor": "temple"
    },
    {
      "type": "patchouli:image",
      "images": [
        "lexicon:textures/pictures/pillager_outpost.png"
      ],
      "border": false,
      "title": "掠夺者前哨",
      "text": "$(n)位置:$() 平原、沙漠、热带草原、(雪地-)针叶林 $(br)$(n)稀有度:$() 稀有",
      "anchor": "outpost"
    },
    {
      "type": "patchouli:image",
      "images": [
        "lexicon:textures/pictures/swamp_hut.png"
      ],
      "border": false,
      "title": "沼泽小屋",
      "text": "$(n)位置:$() 沼泽 $(br)$(n)稀有度:$() 稀有",
      "anchor": "hut"
    },
    {
      "type": "patchouli:image",
      "images": [
        "lexicon:textures/pictures/village.png"
      ],
      "border": true,
      "title": "村庄",
      "text": "$(n)位置:$() (雪地-)平原、沙漠、热带草原、针叶林 $(br)$(n)稀有度:$() 不常见",
      "anchor": "village"
    },
    {
      "type": "patchouli:image",
      "images": [
        "lexicon:textures/pictures/mansion.png"
      ],
      "border": false,
      "title": "林地府邸",
      "text": "$(n)位置:$() 黑森林 $(br)$(n)稀有度:$() 稀有",
      "anchor": "mansion"
    },
    {
      "type": "patchouli:image",
      "images": [
        "lexicon:textures/pictures/ruined_portal.png"
      ],
      "border": false,
      "title": "废墟传送门",
      "text": "$(n)位置:$() 主世界、下界 $(br)$(n)稀有度:$() 普通",
      "anchor": "portal"
    },
    {
      "type": "patchouli:image",
      "images": [
        "lexicon:textures/pictures/ocean_ruin.png"
      ],
      "border": false,
      "title": "海洋废墟",
      "text": "$(n)位置:$() 海洋、海滩 $(br)$(n)稀有度:$() 普通",
      "anchor": "ruin"
    },
    {
      "type": "patchouli:image",
      "images": [
        "lexicon:textures/pictures/trail_ruin.png"
      ],
      "border": true,
      "title": "小径废墟",
      "text": "$(n)位置:$() 丛林、(雪地-)针叶林、'老生长'-生物群系 $(br)$(n)稀有度:$() 不常见",
      "anchor": "trail_ruin"
    },
    {
      "type": "patchouli:image",
      "images": [
        "lexicon:textures/pictures/shipwreck.png"
      ],
      "border": false,
      "title": "沉船",
      "text": "$(n)位置:$() 海洋、海滩、岩石海岸、雪地海滩 $(br)$(n)稀有度:$() 普通",
      "anchor": "shipwreck"
    },
    {
      "type": "patchouli:image",
      "images": [
        "lexicon:textures/pictures/ocean_monument.png"
      ],
      "border": false,
      "title": "海底神殿",
      "text": "$(n)位置:$() 海洋 $(br)$(n)稀有度:$() 稀有",
      "anchor": "monument"
    },
    {
      "type": "patchouli:image",
      "images": [
        "lexicon:textures/pictures/nether_fortress.png"
      ],
      "border": true,
      "title": "地狱堡垒",
      "text": "$(n)位置:$() 地狱 $(br)$(n)稀有度:$() 不常见",
      "anchor": "fortress"
    },
    {
      "type": "patchouli:image",
      "images": [
        "lexicon:textures/pictures/bastion.png"
      ],
      "border": false,
      "title": "堡垒废墟（猪灵堡垒）",
      "text": "$(n)位置:$() 地狱 $(br)$(n)稀有度:$() 不常见",
      "anchor": "bastion"
    },
    {
      "type": "patchouli:image",
      "images": [
        "lexicon:textures/pictures/fossil.png"
      ],
      "border": false,
      "title": "化石",
      "text": "$(n)位置:$() 沙漠、沼泽、灵魂沙谷 $(br)$(n)稀有度:$() 稀有",
      "anchor": "fossil"
    },
    {
      "type": "patchouli:image",
      "images": [
        "lexicon:textures/pictures/end_city.png"
      ],
      "border": false,
      "title": "末地城市",
      "text": "$(n)位置:$() 末地 $(br)$(n)稀有度:$() 稀有",
      "anchor": "end_city"
    },
    {
      "type": "patchouli:image",
      "images": [
        "lexicon:textures/pictures/dungeon.png"
      ],
      "border": false,
      "title": "地牢",
      "text": "$(n)位置:$() 主世界 (地下) $(br)$(n)稀有度:$() 普通",
      "anchor": "dungeon"
    },
    {
      "type": "patchouli:image",
      "images": [
        "lexicon:textures/pictures/desert_well.png"
      ],
      "border": false,
      "title": "沙漠井",
      "text": "$(n)位置:$() 沙漠 $(br)$(n)稀有度:$() 不常见",
      "anchor": "well"
    },
    {
      "type": "patchouli:image",
      "images": [
        "lexicon:textures/pictures/rock.png"
      ],
      "border": false,
      "title": "森林岩石",
      "text": "$(n)位置:$() 老生长针叶林 $(br)$(n)稀有度:$() 不常见"
    },
    {
      "type": "patchouli:image",
      "images": [
        "lexicon:textures/pictures/geode.png"
      ],
      "border": false,
      "title": "晶洞",
      "text": "$(n)位置:$() 主世界 (地下) $(br)$(n)稀有度:$() 稀有",
      "anchor": "geode"
    },
    {
      "type": "patchouli:image",
      "images": [
        "lexicon:textures/pictures/iceberg.png"
      ],
      "border": false,
      "title": "冰山",
      "text": "$(n)位置:$() 冰冻海洋 $(br)$(n)稀有度:$() 不常见",
      "anchor": "iceberg"
    },
    {
      "type": "patchouli:image",
      "images": [
        "lexicon:textures/pictures/ancient_city.png"
      ],
      "border": true,
      "title": "远古城市",
      "text": "$(n)位置:$() 深暗之域 $(br)$(n)稀有度:$() 稀有",
      "anchor": "ancient_city"
    }
  ]
}