{
  "name": "第一个夜晚.",
  "icon": "minecraft:zombie_head",
  "category": "lexicon:start",
  "sortnum": 2,
  "pages": [
    {
      "type": "patchouli:text",
      "text": "第一个夜晚非常危险，如果你没有做好准备的话。$(br2)我建议在黄昏时（饭注：抬头看太阳位置来推测时间）建造一个山洞，并在此期间寻找$(item)矿石$()。$(br2)使用找到的$(item)煤炭$()来烧制食物和矿石，并制作$(item)火把$()。$(br)还可以使用$(item)铁锭$()来制作更高品质的$(item)工具$()和$(item)盔甲$()。"
    },
    {
      "type": "patchouli:crafting",
      "recipe": "minecraft:torch",
      "text": "但不要挖得太深，小心洞穴中的$(thing)怪物$()！$(br2)$(item)火把$()和光亮可以防止它们生成。（饭：或者你可以把自己封闭起来原地挂机等待天亮）"
    },
    {
      "type": "patchouli:crafting",
      "recipe": "minecraft:iron_pickaxe",
      "recipe2": "minecraft:iron_axe"
    },
    {
      "type": "patchouli:crafting",
      "recipe": "minecraft:iron_sword",
      "recipe2": "minecraft:iron_shovel"
    },
    {
      "type": "patchouli:crafting",
      "recipe": "minecraft:iron_helmet",
      "recipe2": "minecraft:iron_chestplate"
    },
    {
      "type": "patchouli:crafting",
      "recipe": "minecraft:iron_leggings",
      "recipe2": "minecraft:iron_boots"
    }
  ]
}
