{
  "name": "第一步",
  "icon": "minecraft:leather_boots",
  "category": "lexicon:start",
  "sortnum": 1,
  "pages": [
    {
      "type": "patchouli:text",
      "text": "当你生成一个新的世界时，你首先需要做的是寻找一棵$(thing)树$()，然后用拳头砍树直到获得$(item)原木$()。$(br)$(li)收集一堆原木，然后按E打开你的库存将$(item)原木$()变成$(item)木板$()。$(br)$(li)然后在迷你工作台中使用4个$(item)木板$()制作一个$(l:useables/crafting_table)$(item)工作台$()。"
    },
    {
      "type": "patchouli:crafting",
      "recipe": "minecraft:oak_planks",
      "recipe2": "minecraft:crafting_table"
    },
    {
      "type": "patchouli:text",
      "text": "$(li)现在用$(item)木板$()制作一些$(item)木棍$()，然后用它们和$(item)木板$()制作一个$(item)木镐$()。"
    },
    {
      "type": "patchouli:crafting",
      "recipe": "minecraft:stick",
      "recipe2": "minecraft:wooden_pickaxe"
    },
    {
      "type": "patchouli:text",
      "text": "$(li)然后找一些$(item)石头$()（在山上或泥土下面），用你的$(item)镐$()挖掘它们，并用石头制作所有标准的$(item)工具$()。"
    },
    {
      "type": "patchouli:crafting",
      "recipe": "minecraft:stone_pickaxe",
      "recipe2": "minecraft:stone_axe"
    },
    {
      "type": "patchouli:crafting",
      "recipe": "minecraft:stone_sword",
      "recipe2": "minecraft:stone_shovel"
    },
    {
      "type": "patchouli:crafting",
      "recipe": "minecraft:stone_hoe"
    },
    {
      "type": "patchouli:text",
      "text": "$(li)下一步是寻找$(item)食物$()，可以用$(item)剑$()快速杀死一些$(thing)动物$()，然后在$(l:useables/furnace)$(item)熔炉$()中烹饪肉。$(br2)你可以使用$(item)木头$()或$(item)煤炭$()作为燃料。$(br)$(li)如果你找到了$(l:creatures/animal-cow)$(thing)牛$()，你可以用$(item)皮革$()制作$(item)盔甲$()。"
    },
    {
      "type": "patchouli:crafting",
      "recipe": "minecraft:furnace"
    },
    {
      "type": "patchouli:crafting",
      "recipe": "minecraft:leather_helmet",
      "recipe2": "minecraft:leather_chestplate"
    },
    {
      "type": "patchouli:crafting",
      "recipe": "minecraft:leather_leggings",
      "recipe2": "minecraft:leather_boots"
    }
  ]
}
