{
  "name": "接下来该做些什么?",
  "icon": "minecraft:wheat",
  "category": "lexicon:start",
  "sortnum": 3,
  "pages": [
    {
      "type": "patchouli:text",
      "text": "如果你现在已经装备了$(item)铁器具$()并且度过了第一个夜晚，你现在可以开始建造一个$(thing)农场$()和一个带有$(l:useables/bed)$(item)床$()的基地来设置你的重生点，$(thing)探索$()周围的地区并收集资源！$(br2)$(br)以下是一些你应该制作的有用物品，详见下一页。"
    },
    {
      "type": "patchouli:crafting",
      "recipe": "minecraft:chest",
      "recipe2": "minecraft:white_bed"
    },
    {
      "type": "patchouli:crafting",
      "recipe": "minecraft:oak_fence",
      "recipe2": "minecraft:oak_fence_gate"
    },
    {
      "type": "patchouli:crafting",
      "recipe": "minecraft:ladder",
      "recipe2": "minecraft:oak_door"
    },
    {
      "type": "patchouli:crafting",
      "recipe": "minecraft:bow",
      "recipe2": "minecraft:arrow"
    },
    {
      "type": "patchouli:crafting",
      "recipe": "minecraft:shield",
      "recipe2": "minecraft:compass"
    },
    {
      "type": "patchouli:crafting",
      "recipe": "minecraft:fishing_rod",
      "recipe2": "minecraft:stonecutter"
    },
    {
      "type": "patchouli:crafting",
      "recipe": "minecraft:blast_furnace",
      "recipe2": "minecraft:smoker"
    },
    {
      "type": "patchouli:multiblock",
      "multiblock": {
        "pattern": [
          [
            "    <>         ",
            "    <>         ",
            "    <>         ",
            "    <>         ",
            "    <>         ",
            "    <>         ",
            "    <>         ",
            "    <>         ",
            "    <>         ",
            "    <>         ",
            "    <>         ",
            "    <>         ",
            "    <>         ",
            "    <>         ",
            "    <>         "
          ],
          [
            "   <  >        ",
            "   <##>        ",
            "   <  >        ",
            "  O<  >        ",
            "   <  >        ",
            "   <  >        ",
            "   <  >        ",
            "   <  >        ",
            "   <  >        ",
            "   <  >        ",
            "   <  >        ",
            "   <  >        ",
            "   <  >        ",
            "   <##>        ",
            "   <  >        "
          ],
          [
            "  <    >       ",
            "  <#GG#>       ",
            "  <    >       ",
            "  O    >       ",
            "  <    >       ",
            "  <    >       ",
            "  <    >       ",
            "  <    >       ",
            "  <    >       ",
            "  <    >       ",
            "  <    >       ",
            "  <    >       ",
            "  <    >       ",
            "  <#GG#>       ",
            "  <    >       "
          ],
          [
            " <      >      ",
            " <######>      ",
            " <      >      ",
            " <O     >      ",
            " <      >      ",
            " <      >      ",
            " <      >      ",
            " <      >      ",
            " <      >      ",
            " <      >      ",
            " <      >      ",
            " <      >      ",
            " <      >      ",
            " <######>      ",
            " <      >      "
          ],
          [
            "<        >     ",
            "<LllllllL>     ",
            "<|      |>     ",
            "<|O     |>     ",
            "<|      |>     ",
            "<LllllllL>     ",
            "<|      |>     ",
            "<|      |>     ",
            "<|      |>     ",
            "<LllllllL>     ",
            "<|      |>     ",
            "<|      |>     ",
            "<|      |>     ",
            "<LllllllL>     ",
            "<        >     "
          ],
          [
            "               ",
            " L######L      ",
            " #      #      ",
            " #O     #      ",
            " #      #      ",
            " LT    tL      ",
            " #      #      ",
            " #      #      ",
            " #      #      ",
            " LT    tL      ",
            " #     8#      ",
            " #4    3#      ",
            " #5    2#      ",
            " L######L      ",
            "               "
          ],
          [
            "               ",
            " L#GGGG#LY    Y",
            " #!     #      ",
            " #§     d      ",
            " #$     #      ",
            " L      L      ",
            " #      g      ",
            " d      g      ",
            " #      g      ",
            " L      L      ",
            " #     7#      ",
            " #4    3#      ",
            " #5    2#      ",
            " L#GGGG#LY    Y",
            "               "
          ],
          [
            "               ",
            " L######LIIIIIj",
            " #O b   #CWWWWi",
            " #F B  _DWWWWWi",
            " #O     #WWWWWi",
            " L      L WWWWi",
            " #      #WWWWWi",
            " D_     #WWWWWi",
            " #      #WWWWWi",
            " L      L WWWWi",
            " #9    6#WWWWWi",
            " #4    3#WWWWWi",
            " #5 u1 2#WWWWWi",
            " L######LIIIIIJ",
            "               "
          ],
          [
            "               ",
            " XXXXXXXXOOOOOO",
            " XXXXXXXX^^^^^O",
            " XXXXXXXX^^^^^O",
            " XXXXXXXX^^^^^O",
            " XXXXXXXXy^^^^O",
            " XXXXXXXX^^^^^O",
            "0XXXXXXXX^^^^^O",
            " XXXXXXXX^^^^^O",
            " XXXXXXXXy^^^^O",
            " XXXXXXXX^^^^^O",
            " XXXXXXXX^^^^^O",
            " XXXXXXXX^^^^^O",
            " XXXXXXXXOOOOOO",
            "               "
          ]
        ],
        "mapping": {
          "X": "minecraft:stone_bricks",
          "#": "minecraft:oak_planks",
          "O": "minecraft:cobblestone",
          "^": "minecraft:farmland[moisture=7]",
          "L": "minecraft:oak_log[axis=y]",
          "l": "minecraft:oak_log[axis=z]",
          "|": "minecraft:oak_log[axis=x]",
          "W": "minecraft:wheat[age=7]",
          "G": "minecraft:glass_pane[north=true,south=true]",
          "g": "minecraft:glass_pane[east=true,west=true]",
          "D": "minecraft:oak_door[facing=south,half=lower]",
          "d": "minecraft:oak_door[facing=south,half=upper]",
          "C": "minecraft:composter",
          "y": "minecraft:water",
          "I": "minecraft:oak_fence[east=false,north=true,south=true,west=false]",
          "i": "minecraft:oak_fence[east=true,north=false,south=false,west=true]",
          "J": "minecraft:oak_fence[east=false,north=true,south=false,west=true]",
          "j": "minecraft:oak_fence[east=true,north=true,south=false,west=false]",
          "Y": "minecraft:torch",
          "T": "minecraft:wall_torch[facing=south]",
          "t": "minecraft:wall_torch[facing=north]",
          "_": "minecraft:stone_pressure_plate",
          "B": "minecraft:white_bed[facing=east,part=foot]",
          "b": "minecraft:white_bed[facing=east,part=head]",
          "u": "minecraft:crafting_table",
          "F": "minecraft:campfire[facing=north,lit=true]",
          "1": "minecraft:chest[facing=east,type=single]",
          "2": "minecraft:chest[facing=north,type=right]",
          "3": "minecraft:chest[facing=north,type=left]",
          "4": "minecraft:chest[facing=south,type=right]",
          "5": "minecraft:chest[facing=south,type=left]",
          "6": "minecraft:furnace[facing=south,lit=false]",
          "7": "minecraft:blast_furnace[facing=south,lit=false]",
          "8": "minecraft:smoker[facing=south,lit=false]",
          "9": "minecraft:stonecutter",
          "!": "minecraft:cobblestone_stairs[facing=east,half=bottom]",
          "§": "minecraft:cobblestone_stairs[facing=north,half=top]",
          "$": "minecraft:cobblestone_stairs[facing=west,half=bottom]",
          ">": "minecraft:stone_brick_stairs[facing=north,half=bottom]",
          "<": "minecraft:stone_brick_stairs[facing=south,half=bottom]"
        }
      },
      "name": "Starter House",
      "text": "这是一个关于你的起始房屋可能是什么样子的小模板。"
    }
  ]
}
