{
  "name": "动物 - 驴",
  "icon": "minecraft:donkey_spawn_egg",
  "category": "lexicon:creatures",
  "pages": [
    {
      "type": "patchouli:text",
      "text": "> $(n)生命值:$() 15-30  $(br)> $(n)攻击伤害:$() 0    $(br)> $(n)行为:$() 被动     $(br)> $(n)生成:$() 平原、热带草原、草甸 $(br)> $(n)繁殖:$() 金苹果、金胡萝卜     $(br)> $(n)特性:$() $(br)可以装备$(item)马鞍$()和$(l:useables/chest)$(item)箱子$()。可以骑乘。"
    },
    {
      "type": "patchouli:entity",
      "entity": "minecraft:donkey",
      "scale": "0.5",
      "text": "$(n)掉落物:$() 0-2块皮革  $(n)经验值:$() 1-3"
    },
    {
      "type": "patchouli:entity",
      "entity": "minecraft:donkey{ChestedHorse:1}",
      "scale": "0.5",
      "name": "带箱子的驴"
    }
  ]
}