{
  "name": "动物 - 猪",
  "icon": "minecraft:pig_spawn_egg",
  "category": "lexicon:creatures",
  "pages": [
    {
      "type": "patchouli:text",
      "text": "> $(n)生命值:$() 10     $(br)> $(n)攻击伤害:$() 0    $(br)> $(n)行为:$() 温顺     $(br)> $(n)生成:$() 草地上的主世界 $(br)> $(n)繁殖:$() 胡萝卜、土豆、甜菜根 $(br)> $(n)特性:$() $(br)你可以使用$(item)鞍$()在$(thing)猪$()上骑行。鞍上的猪可以通过使用$(item)胡萝卜钓竿$()进行控制。"
    },
    {
      "type": "patchouli:entity",
      "entity": "minecraft:pig",
      "scale": "0.5",
      "text": "$(n)掉落物:$() 1-3个生猪排，如果用火杀死则掉落1-3个熟猪排  $(n)经验值:$() 1-3"
    },
    {
      "type": "patchouli:entity",
      "entity": "minecraft:pig{Saddle:1}",
      "scale": "0.5",
      "name": "带鞍猪"
    }
  ]
}