{
  "name": "动物 - 鹦鹉",
  "icon": "minecraft:parrot_spawn_egg",
  "category": "lexicon:creatures",
  "pages": [
    {
      "type": "patchouli:text",
      "text": "> $(n)生命值:$() 6     $(br)> $(n)攻击伤害:$() 0    $(br)> $(n)行为:$() 温顺     $(br)> $(n)生成:$() 丛林    $(br)> $(n)驯服:$() 种子     $(br)> $(n)特性:$() $(br)如果放置了$(l:useable/jukebox)$(item)音乐盒$()，鹦鹉会在附近跳舞。鹦鹉会模仿附近生物的空闲声音。"
    },
    {
      "type": "patchouli:entity",
      "entity": "minecraft:parrot",
      "scale": "0.5",
      "text": "$(n)掉落物:$() 1-3个羽毛  $(n)经验值:$() 1-3"
    },
    {
      "type": "patchouli:entity",
      "entity": "minecraft:parrot{Variant:4}",
      "scale": "0.5",
      "text": "变种 ID: 4",
      "name": "灰色鹦鹉"
    },
    {
      "type": "patchouli:entity",
      "entity": "minecraft:parrot{Variant:3}",
      "scale": "0.5",
      "text": "变种 ID: 3",
      "name": "青色鹦鹉"
    },
    {
      "type": "patchouli:entity",
      "entity": "minecraft:parrot{Variant:2}",
      "scale": "0.5",
      "text": "变种 ID: 2",
      "name": "绿色鹦鹉"
    },
    {
      "type": "patchouli:entity",
      "entity": "minecraft:parrot{Variant:1}",
      "scale": "0.5",
      "text": "变种 ID: 1",
      "name": "蓝色鹦鹉"
    },
    {
      "type": "patchouli:entity",
      "entity": "minecraft:parrot{Variant:0}",
      "scale": "0.5",
      "text": "变种 ID: 0",
      "name": "红色鹦鹉"
    }
  ]
}