{
  "name": "动物 - 炽足兽",
  "icon": "minecraft:strider_spawn_egg",
  "category": "lexicon:creatures",
  "pages": [
    {
      "type": "patchouli:text",
      "text": "> $(n)生命值:$() 20     $(br)> $(n)攻击伤害:$() 0    $(br)> $(n)行为:$() 温顺     $(br)> $(n)生成:$() $(l:world/dimensions#nether)下界$()的岩浆湖 $(br)> $(n)繁殖:$() 诡异菌     $(br)> $(n)特性:$() $(br)可以在$(item)岩浆$()上行走。可以使用$(item)鞍$()装备并使用$(item)诡异菌钓竿$()骑行。会受到$(item)水$()的伤害。"
    },
    {
      "type": "patchouli:entity",
      "entity": "minecraft:strider",
      "scale": "0.5",
      "text": "$(n)掉落物:$() 2-5根纱线  $(n)经验值:$() 1-2"
    }
  ]
}