{
  "name": "动物 - 骡",
  "icon": "minecraft:mule_spawn_egg",
  "category": "lexicon:creatures",
  "pages": [
    {
      "type": "patchouli:text",
      "text": "> $(n)生命值:$() 15-30  $(br)> $(n)攻击伤害:$() 0    $(br)> $(n)行为:$() 温顺     $(br)> $(n)生成:$() 当$(l:creatures/animal-horse)马$()和$(l:creatures/animal-donkey)驴$()繁殖时$(br)> $(n)繁殖:$() -     $(br)> $(n)特性:$() $(br)可以装备$(item)马鞍$()和$(item)箱子$()。可以骑乘。"
    },
    {
      "type": "patchouli:entity",
      "entity": "minecraft:mule",
      "scale": "0.5",
      "text": "$(n)掉落物:$() 0-2个皮革  $(n)经验值:$() 1-3"
    },
    {
      "type": "patchouli:entity",
      "entity": "minecraft:mule{ChestedHorse:1}",
      "scale": "0.5",
      "name": "带箱子的骡"
    }
  ]
}