{
  "name": "动物 - 鸡",
  "icon": "minecraft:chicken_spawn_egg",
  "category": "lexicon:creatures",
  "pages": [
    {
      "type": "patchouli:text",
      "text": "> $(n)生命值:$() 4     $(br)> $(n)攻击伤害:$() 0    $(br)> $(n)行为:$() 被动     $(br)> $(n)生成:$() 在草地上的主世界，通过扔鸡蛋有1/8的几率生成 $(br)> $(n)繁殖:$() 种子     $(br)> $(n)特性:$() $(br)随机产卵$(item)鸡蛋$()。"
    },
    {
      "type": "patchouli:entity",
      "entity": "minecraft:chicken",
      "scale": "0.5",
      "text": "$(n)掉落物:$() 0-2根羽毛，1块生鸡肉，如果被火击杀则掉落熟鸡肉  $(n)经验值:$() 1-3"
    }
  ]
}