{
  "name": "动物 - 熊猫",
  "icon": "minecraft:panda_spawn_egg",
  "category": "lexicon:creatures",
  "pages": [
    {
      "type": "patchouli:text",
      "text": "> $(n)生命值:$() 10-20 $(br)> $(n)攻击伤害:$() 简单难度下为4，普通难度下为6，困难难度下为9 $(br)> $(n)行为:$() 中立     $(br)> $(n)生成:$() 丛林    $(br)> $(n)繁殖:$() 靠近的竹子和竹子植物 $(br)> $(n)特性:$() $(br)熊猫有不同的个性。"
    },
    {
      "type": "patchouli:entity",
      "entity": "minecraft:panda",
      "scale": "0.5",
      "text": "$(n)掉落物:$() 1个竹子  $(n)经验值:$() 1-3"
    },
    {
      "type": "patchouli:entity",
      "entity": "minecraft:panda{MainGene:aggressive}",
      "scale": "0.5",
      "text": "基因: 好斗"
    },
    {
      "type": "patchouli:entity",
      "entity": "minecraft:panda{MainGene:brown}",
      "scale": "0.5",
      "text": "基因: 棕色"
    },
    {
      "type": "patchouli:entity",
      "entity": "minecraft:panda{MainGene:lazy}",
      "scale": "0.5",
      "text": "基因: 懒惰"
    },
    {
      "type": "patchouli:entity",
      "entity": "minecraft:panda{MainGene:normal}",
      "scale": "0.5",
      "text": "基因: 正常"
    },
    {
      "type": "patchouli:entity",
      "entity": "minecraft:panda{MainGene:playful}",
      "scale": "0.5",
      "text": "基因: 爱玩"
    },
    {
      "type": "patchouli:entity",
      "entity": "minecraft:panda{MainGene:weak}",
      "scale": "0.5",
      "text": "基因: 虚弱"
    },
    {
      "type": "patchouli:entity",
      "entity": "minecraft:panda{MainGene:worried}",
      "scale": "0.5",
      "text": "基因: 担心"
    }
  ]
}