{
  "name": "动物 - 狐狸",
  "icon": "minecraft:fox_spawn_egg",
  "category": "lexicon:creatures",
  "pages": [
    {
      "type": "patchouli:text",
      "text": "> $(n)生命值:$() 10     $(br)> $(n)攻击伤害:$() 2，困难模式下为3     $(br)> $(n)行为:$() 被动     $(br)> $(n)生成:$() 针叶林、小树林     $(br)> $(n)繁殖:$() 甜浆果、发光浆果     $(br)> $(n)特性:$() $(br)白天会睡觉。会攻击$(l:creatures/animal-chicken)$(thing)鸡$()、$(l:creatures/animal-rabbit)$(thing)兔子$()、$(l:creatures/aquatic_animal-turtle)$(thing)小海龟$()和$(l:creatures/animal-tropical_fish)$(thing)鱼$()。狐狸可以嘴里拿着物品。繁殖两只狐狸会产生一个$(n)驯服的$()$(thing)小狐狸$()。"
    },
    {
      "type": "patchouli:entity",
      "entity": "minecraft:fox",
      "scale": "0.5",
      "text": "$(n)掉落物:$() 嘴里的物品  $(n)经验值:$() 1-2"
    }
  ]
}