{
  "name": "动物 - 嗅探兽",
  "icon": "minecraft:sniffer_spawn_egg",
  "category": "lexicon:creatures",
  "pages": [
    {
      "type": "patchouli:text",
      "text": "> $(n)生命值:$() 14     $(br)> $(n)攻击伤害:$() 0    $(br)> $(n)行为:$() 温顺     $(br)> $(n)生成:$() $(l:rare/sniffer_egg)$(item)嗅探兽蛋$() $(br)> $(n)繁殖:$() 火把花种子 $(br)> $(n)特性:$() $(br)嗅探兽可以从$(item)泥土$()、$(item)草块$()、$(item)泥浆$()和$(item)苔藓块$()中嗅探和挖掘各种独特的装饰植物种子。幼嗅探兽被称为$(thing)嗅探宝宝$()。"
    },
    {
      "type": "patchouli:entity",
      "entity": "minecraft:sniffer",
      "scale": "0.5",
      "text": "$(n)掉落物:$() -  $(n)经验值:$() 1-3"
    }
  ]
}