{
  "name": "动物 - 豹猫",
  "icon": "minecraft:ocelot_spawn_egg",
  "category": "lexicon:creatures",
  "pages": [
    {
      "type": "patchouli:text",
      "text": "> $(n)生命值:$() 10     $(br)> $(n)攻击伤害:$() 3    $(br)> $(n)行为:$() 温顺     $(br)> $(n)生成:$() 丛林    $(br)> $(n)繁殖/信任:$() 生鳕鱼, 生鲑鱼     $(br)> $(n)特性:$() $(br)攻击$(l:creatures/animal-chicken)$(thing)鸡$()和$(l:creatures/aquatic_animal-turtle)$(thing)幼小海龟$()。$(l:creatures/monster-creeper)$(thing)爬行者$()和$(l:creatures/undead-phantom)$(thing)幻翼$()会躲避豹猫。"
    },
    {
      "type": "patchouli:entity",
      "entity": "minecraft:ocelot",
      "scale": "0.5",
      "text": "$(n)掉落物:$() -  $(n)经验值:$() 1-3"
    }
  ]
}