{
  "name": "动物 - 狼",
  "icon": "minecraft:wolf_spawn_egg",
  "category": "lexicon:creatures",
  "pages": [
    {
      "type": "patchouli:text",
      "text": "> $(n)生命值:$() 野生 8，驯服 20 $(br)> $(n)攻击伤害:$() 简单难度 3，普通难度 4，困难难度 6 $(br)> $(n)行为:$() 中立  $(br)> $(n)生成:$() 针叶林、树林、森林 $(br)> $(n)驯服:$() 骨头   $(br)> $(n)繁殖:$() 肉类    $(br)> $(n)特性:$() $(br)会追踪并攻击$(l:creatures/undead-skeleton)$(thing)骷髅$()、$(l:creatures/animal-sheep)$(thing)绵羊$()、$(l:creatures/animal-rabbit)$(thing)兔子$()、$(l:creatures/animal-fox)$(thing)狐狸$()和$(l:creatures/aquatic_animal-turtle)$(thing)小海龟$()。"
    },
    {
      "type": "patchouli:entity",
      "entity": "minecraft:wolf",
      "scale": "0.5",
      "text": "$(n)掉落物:$() -  $(n)经验值:$() 1-3"
    },
    {
      "type": "patchouli:entity",
      "entity": "minecraft:wolf{Sitting:1}",
      "scale": "0.5",
      "name": "坐下的狼"
    },
    {
      "type": "patchouli:entity",
      "entity": "minecraft:wolf{CollarColor:5}",
      "scale": "0.5",
      "name": "攻击性狼"
    }
  ]
}