{
  "name": "动物 - 猪灵",
  "icon": "minecraft:hoglin_spawn_egg",
  "category": "lexicon:creatures",
  "pages": [
    {
      "type": "patchouli:text",
      "text": "> $(n)生命值:$() 40  $(br)> $(n)攻击伤害:$() $(br)成年猪灵: 简单模式下为2.5-5，普通模式下为3-8，困难模式下为4.5-12 $(br)幼年猪灵: 困难模式下为0.5，普通模式下为0.75 $(br)> $(n)行为:$() 敌对     $(br)> $(n)生成:$() 红色森林、$(l:world/structures#basion)堡垒遗迹$() $(br)> $(n)繁殖:$() 红色真菌 $(br)> $(n)特性:$() $(br)它们会在$(l:world/dimensions#nether)$(thing)地狱$()外面变成$(l:creatures/undead-zoglin)$(thing)僵尸猪灵$()。"
    },
    {
      "type": "patchouli:entity",
      "entity": "minecraft:hoglin",
      "scale": "0.5",
      "text": "$(n)掉落物:$() 2-4个生猪排、如果被火杀死则掉落2-4个熟猪排，0-1个皮革 $(br)$(n)经验值:$() 5"
    }
  ]
}