{
  "name": "动物 - 北极熊",
  "icon": "minecraft:polar_bear_spawn_egg",
  "category": "lexicon:creatures",
  "pages": [
    {
      "type": "patchouli:text",
      "text": "> $(n)生命值:$() 30     $(br)> $(n)攻击伤害:$() 在简单难度下为3，普通难度下为5，困难难度下为8 $(br)> $(n)行为:$() 大部分情况下是中立的 $(br)> $(n)生成:$() 冰冻生物群系 $(br)> $(n)特性:$() $(br)成年熊在有幼崽或被激怒时会变得敌对。"
    },
    {
      "type": "patchouli:entity",
      "entity": "minecraft:polar_bear",
      "scale": "0.5",
      "text": "$(n)掉落物:$() 3/4的几率掉落0-2个生鳕鱼，1/4的几率掉落0-2个生鲑鱼  $(n)经验值:$() 1-3"
    }
  ]
}