{
  "name": "动物 - 马",
  "icon": "minecraft:horse_spawn_egg",
  "category": "lexicon:creatures",
  "pages": [
    {
      "type": "patchouli:text",
      "text": "> $(n)生命值:$() 15-30     $(br)> $(n)攻击伤害:$() 0    $(br)> $(n)行为:$() 温顺     $(br)> $(n)生成:$() 平原、稀树草原、$(l:world/structures#village)村庄$() $(br)> $(n)繁殖:$() 金苹果、金胡萝卜     $(br)> $(n)特性:$() $(br)可以装备$(item)马鞍$()并骑乘。骑乘时，它们能够比普通玩家更快地移动和跳跃。$(thing)马$()可以用来攀爬山丘和跳过$(item)围栏$()，因为有些马可以跳过高达五个方块高度的障碍物。"
    },
    {
      "type": "patchouli:entity",
      "entity": "minecraft:horse",
      "scale": "0.5",
      "text": "$(n)掉落物:$() 0-2个皮革  $(n)经验值:$() 1-3"
    },
    {
      "type": "patchouli:entity",
      "entity": "minecraft:horse{Variant:1}",
      "scale": "0.5",
      "name": "奶油色马",
      "text": "变种ID: 1"
    },
    {
      "type": "patchouli:entity",
      "entity": "minecraft:horse{Variant:2}",
      "scale": "0.5",
      "name": "栗色马",
      "text": "变种ID: 2"
    },
    {
      "type": "patchouli:entity",
      "entity": "minecraft:horse{Variant:3}",
      "scale": "0.5",
      "name": "棕色马",
      "text": "变种ID: 3"
    },
    {
      "type": "patchouli:entity",
      "entity": "minecraft:horse{Variant:4}",
      "scale": "0.5",
      "name": "斑马马",
      "text": "变种ID: 4"
    },
    {
      "type": "patchouli:entity",
      "entity": "minecraft:horse{Variant:5}",
      "scale": "0.5",
      "name": "灰色马",
      "text": "变种ID: 5"
    },
    {
      "type": "patchouli:entity",
      "entity": "minecraft:horse{Variant:6}",
      "scale": "0.5",
      "name": "深棕色马",
      "text": "变种ID: 6"
    },
    {
      "type": "patchouli:entity",
      "entity": "minecraft:horse{Variant:256}",
      "scale": "0.5",
      "name": "白色马",
      "text": "变种ID: 256或0"
    },
    {
      "type": "patchouli:entity",
      "entity": "minecraft:horse{Variant:257}",
      "scale": "0.5",
      "name": "白奶油色马",
      "text": "变种ID: 257"
    },
    {
      "type": "patchouli:entity",
      "entity": "minecraft:horse{Variant:258}",
      "scale": "0.5",
      "name": "白栗色马",
      "text": "变种ID: 258"
    },
    {
      "type": "patchouli:entity",
      "entity": "minecraft:horse{Variant:259}",
      "scale": "0.5",
      "name": "白棕色马",
      "text": "变种ID: 259"
    },
    {
      "type": "patchouli:entity",
      "entity": "minecraft:horse{Variant:260}",
      "scale": "0.5",
      "name": "白黑色马",
      "text": "变种ID: 260"
    },
    {
      "type": "patchouli:entity",
      "entity": "minecraft:horse{Variant:261}",
      "scale": "0.5",
      "name": "白灰色马",
      "text": "变种ID: 261"
    },
    {
      "type": "patchouli:entity",
      "entity": "minecraft:horse{Variant:262}",
      "scale": "0.5",
      "name": "白深棕色马",
      "text": "变种ID: 262"
    },
    {
      "type": "patchouli:entity",
      "entity": "minecraft:horse{Variant:512}",
      "scale": "0.5",
      "name": "白斑点马-白色",
      "text": "变种ID: 512"
    },
    {
      "type": "patchouli:entity",
      "entity": "minecraft:horse{Variant:513}",
      "scale": "0.5",
      "name": "白斑点马-奶油色",
      "text": "变种ID: 513"
    },
    {
      "type": "patchouli:entity",
      "entity": "minecraft:horse{Variant:514}",
      "scale": "0.5",
      "name": "白斑点马-栗色",
      "text": "变种ID: 514"
    },
    {
      "type": "patchouli:entity",
      "entity": "minecraft:horse{Variant:515}",
      "scale": "0.5",
      "name": "白斑点马-棕色",
      "text": "变种ID: 515"
    },
    {
      "type": "patchouli:entity",
      "entity": "minecraft:horse{Variant:516}",
      "scale": "0.5",
      "name": "白斑点马-黑色",
      "text": "变种ID: 516"
    },
    {
      "type": "patchouli:entity",
      "entity": "minecraft:horse{Variant:517}",
      "scale": "0.5",
      "name": "白斑点马-灰色",
      "text": "变种ID: 517"
    },
    {
      "type": "patchouli:entity",
      "entity": "minecraft:horse{Variant:518}",
      "scale": "0.5",
      "name": "白斑点马-深棕色",
      "text": "变种ID: 518"
    },
    {
      "type": "patchouli:entity",
      "entity": "minecraft:horse{Variant:768}",
      "scale": "0.5",
      "name": "白点马-白色",
      "text": "变种ID: 768"
    },
    {
      "type": "patchouli:entity",
      "entity": "minecraft:horse{Variant:769}",
      "scale": "0.5",
      "name": "白点马-奶油色",
      "text": "变种ID: 769"
    },
    {
      "type": "patchouli:entity",
      "entity": "minecraft:horse{Variant:770}",
      "scale": "0.5",
      "name": "白点马-栗色",
      "text": "变种ID: 770"
    },
    {
      "type": "patchouli:entity",
      "entity": "minecraft:horse{Variant:771}",
      "scale": "0.5",
      "name": "白点马-棕色",
      "text": "变种ID: 771"
    },
    {
      "type": "patchouli:entity",
      "entity": "minecraft:horse{Variant:772}",
      "scale": "0.5",
      "name": "白点马-黑色",
      "text": "变种ID: 772"
    },
    {
      "type": "patchouli:entity",
      "entity": "minecraft:horse{Variant:773}",
      "scale": "0.5",
      "name": "白点马-灰色",
      "text": "变种ID: 773"
    },
    {
      "type": "patchouli:entity",
      "entity": "minecraft:horse{Variant:774}",
      "scale": "0.5",
      "name": "白点马-深棕色",
      "text": "变种ID: 774"
    },
    {
      "type": "patchouli:entity",
      "entity": "minecraft:horse{Variant:1024}",
      "scale": "0.5",
      "name": "黑点马-白色",
      "text": "变种ID: 1024"
    },
    {
      "type": "patchouli:entity",
      "entity": "minecraft:horse{Variant:1025}",
      "scale": "0.5",
      "name": "黑点马-奶油色",
      "text": "变种ID: 1025"
    },
    {
      "type": "patchouli:entity",
      "entity": "minecraft:horse{Variant:1026}",
      "scale": "0.5",
      "name": "黑点马-栗色",
      "text": "变种ID: 1026"
    },
    {
      "type": "patchouli:entity",
      "entity": "minecraft:horse{Variant:1027}",
      "scale": "0.5",
      "name": "黑点马-棕色",
      "text": "变种ID: 1027"
    },
    {
      "type": "patchouli:entity",
      "entity": "minecraft:horse{Variant:1028}",
      "scale": "0.5",
      "name": "黑点马-黑色",
      "text": "变种ID: 1028"
    },
    {
      "type": "patchouli:entity",
      "entity": "minecraft:horse{Variant:1029}",
      "scale": "0.5",
      "name": "黑点马-灰色",
      "text": "变种ID: 1029"
    },
    {
      "type": "patchouli:entity",
      "entity": "minecraft:horse{Variant:1030}",
      "scale": "0.5",
      "name": "黑点马-深棕色",
      "text": "变种ID: 1030"
    }
  ]
}