{
  "name": "动物 - 羊驼",
  "icon": "minecraft:llama_spawn_egg",
  "category": "lexicon:creatures",
  "pages": [
    {
      "type": "patchouli:text",
      "text": "> $(n)生命值:$() 15-30     $(br)> $(n)攻击伤害:$() 1    $(br)> $(n)行为:$() 中立     $(br)> $(n)生成:$() 旷野、草原生态区$(br)> $(n)繁殖:$() 干草块     $(br)> $(n)特性:$() $(br)可以装备$(item)地毯$()和$(item)箱子$()。可以骑乘。"
    },
    {
      "type": "patchouli:entity",
      "entity": "minecraft:llama",
      "scale": "0.5",
      "text": "$(n)掉落物:$() 0-2个皮革  $(n)经验值:$() 1-3"
    },
    {
      "type": "patchouli:entity",
      "entity": "minecraft:llama{ChestedHorse:1}",
      "scale": "0.5",
      "name": "带箱子的羊驼"
    },
    {
      "type": "patchouli:entity",
      "entity": "minecraft:llama{Variant:3}",
      "scale": "0.5",
      "name": "灰色羊驼",
      "text": "变种ID: 3"
    },
    {
      "type": "patchouli:entity",
      "entity": "minecraft:llama{Variant:2}",
      "scale": "0.5",
      "name": "棕色羊驼",
      "text": "变种ID: 2"
    },
    {
      "type": "patchouli:entity",
      "entity": "minecraft:llama{Variant:1}",
      "scale": "0.5",
      "name": "白色羊驼",
      "text": "变种ID: 1"
    },
    {
      "type": "patchouli:entity",
      "entity": "minecraft:llama{Variant:0}",
      "scale": "0.5",
      "name": "奶油色羊驼",
      "text": "变种ID: 0"
    }
  ]
}