{
  "name": "动物 - 兔子",
  "icon": "minecraft:rabbit_spawn_egg",
  "category": "lexicon:creatures",
  "pages": [
    {
      "type": "patchouli:text",
      "text": "> $(n)生命值:$() 3     $(br)> $(n)攻击伤害:$() 0    $(br)> $(n)行为:$() 温顺     $(br)> $(n)生成:$() 草地、雪地、沙地上的主世界 $(br)> $(n)繁殖:$() 胡萝卜、金胡萝卜、蒲公英"
    },
    {
      "type": "patchouli:entity",
      "entity": "minecraft:rabbit",
      "scale": "0.5",
      "text": "$(n)掉落物:$() 0-1个兔皮，0-1个生兔肉，如果用火杀死则掉落0-1个熟兔肉，有10%的几率掉落兔脚  $(n)经验值:$() 1-3"
    },
    {
      "type": "patchouli:entity",
      "entity": "minecraft:rabbit{RabbitType:1}",
      "scale": "0.5",
      "text": "兔子类型: 1",
      "name": "白兔"
    },
    {
      "type": "patchouli:entity",
      "entity": "minecraft:rabbit{RabbitType:2}",
      "scale": "0.5",
      "text": "兔子类型: 2",
      "name": "黑兔"
    },
    {
      "type": "patchouli:entity",
      "entity": "minecraft:rabbit{RabbitType:3}",
      "scale": "0.5",
      "text": "兔子类型: 3",
      "name": "黑白兔"
    },
    {
      "type": "patchouli:entity",
      "entity": "minecraft:rabbit{RabbitType:4}",
      "scale": "0.5",
      "text": "兔子类型: 4",
      "name": "金兔"
    },
    {
      "type": "patchouli:entity",
      "entity": "minecraft:rabbit{RabbitType:5}",
      "scale": "0.5",
      "text": "兔子类型: 5",
      "name": "盐和胡椒兔"
    },
    {
      "type": "patchouli:entity",
      "entity": "minecraft:rabbit{RabbitType:0}",
      "scale": "0.5",
      "text": "兔子类型: 0",
      "name": "棕兔"
    },
    {
      "type": "patchouli:entity",
      "entity": "minecraft:rabbit{RabbitType:99}",
      "scale": "0.5",
      "text": "兔子类型: 99",
      "name": "杀手兔"
    }
  ]
}