{
  "name": "动物 - 哞菇",
  "icon": "minecraft:mooshroom_spawn_egg",
  "category": "lexicon:creatures",
  "pages": [
    {
      "type": "patchouli:text",
      "text": "> $(n)生命值:$() 10     $(br)> $(n)攻击伤害:$() 0    $(br)> $(n)行为:$() 温顺      $(br)> $(n)生成:$() 蘑菇岛原生群系$(br)> $(n)繁殖:$() 小麦     $(br)> $(n)特性:$() $(br)有红色和棕色两种变种。修剪它们会变成$(l:creatures/animal-cow)$(thing)普通的牛$()。可以用$(item)桶$()挤奶得到牛奶，用$(item)碗$()得到$(item)蘑菇煲$()。$(thing)棕色带蘑菇的牛$()如果被喂食小花，可以产生$(l:brewing/suspicious_stew)$(item)迷之炖菜$()。"
    },
    {
      "type": "patchouli:entity",
      "entity": "minecraft:mooshroom{Type:red}",
      "scale": "0.5",
      "text": "$(n)掉落物:$() 0-2个皮革, 1-3个生牛肉, 在火焰中被杀死时掉落1-3个牛排  $(n)经验值:$() 1-3"
    },
    {
      "type": "patchouli:entity",
      "entity": "minecraft:mooshroom{Type:brown}",
      "scale": "0.5"
    }
  ]
}