{
  "name": "动物 - 行商羊驼",
  "icon": "minecraft:trader_llama_spawn_egg",
  "category": "lexicon:creatures",
  "pages": [
    {
      "type": "patchouli:text",
      "text": "> $(n)生命值:$() 15-30 $(br)> $(n)攻击伤害:$() 1    $(br)> $(n)行为:$() 中立     $(br)> $(n)生成:$() 与$(l:creatures/human-wandering_trader)$(thing)流浪行商$()一起生成 $(br)> $(n)繁殖:$() 干草块 $(br)> $(n)特性:$() $(br)可以装备$(item)地毯$()和一个$(l:useables/chest)$(item)箱子$()。可以骑行。"
    },
    {
      "type": "patchouli:entity",
      "entity": "minecraft:trader_llama",
      "scale": "0.5",
      "text": "$(n)掉落物:$() 0-2块皮革  $(n)经验值:$() 1-3"
    },
    {
      "type": "patchouli:entity",
      "entity": "minecraft:trader_llama{ChestedHorse:1}",
      "scale": "0.5",
      "name": "带箱子的羊驼"
    },
    {
      "type": "patchouli:entity",
      "entity": "minecraft:trader_llama{Variant:3}",
      "scale": "0.5",
      "name": "灰色行商羊驼",
      "text": "变种ID: 3"
    },
    {
      "type": "patchouli:entity",
      "entity": "minecraft:trader_llama{Variant:2}",
      "scale": "0.5",
      "name": "棕色行商羊驼",
      "text": "变种ID: 2"
    },
    {
      "type": "patchouli:entity",
      "entity": "minecraft:trader_llama{Variant:1}",
      "scale": "0.5",
      "name": "白色行商羊驼",
      "text": "变种ID: 1"
    },
    {
      "type": "patchouli:entity",
      "entity": "minecraft:trader_llama{Variant:0}",
      "scale": "0.5",
      "name": "奶油色行商羊驼",
      "text": "变种ID: 0"
    }
  ]
}