{
  "name": "动物 - 猫",
  "icon": "minecraft:cat_spawn_egg",
  "category": "lexicon:creatures",
  "pages": [
    {
      "type": "patchouli:text",
      "text": "> $(n)生命值:$() 10     $(br)> $(n)攻击伤害:$() 3     $(br)> $(n)行为:$() 被动     $(br)> $(n)生成:$() $(l:world/structures#village)村庄$()，$(l:world/structures#hut)女巫小屋$() $(br)> $(n)繁殖/驯服:$() 生鱼、生鲑鱼     $(br)> $(n)特性:$() $(br)只攻击$(l:creatures/animal-rabbit)$(thing)兔子$()、$(l:creatures/animal-chicken)$(thing)鸡$()和$(l:creatures/aquatic_animal-turtle)$(thing)幼小海龟$()。$(br)被驯服的$(thing)猫$()醒来后有$(thing)70%$()的几率给予$(l:creatures/human-player)$(thing)玩家$()一个礼物。$(l:creatures/monster-creeper)$(thing)苦力怕$()和$(l:creatures/undead-phantom)$(thing)幽灵$()会避开猫。"
    },
    {
      "type": "patchouli:entity",
      "entity": "minecraft:cat",
      "scale": "0.5",
      "text": "$(n)掉落物:$() 0-2根线  $(n)经验值:$() 1-3"
    },
    {
      "type": "patchouli:entity",
      "entity": "minecraft:cat{variant:tabby}",
      "scale": "0.5",
      "name": "虎斑猫"
    },
    {
      "type": "patchouli:entity",
      "entity": "minecraft:cat{variant:black}",
      "scale": "0.5",
      "name": "黑猫"
    },
    {
      "type": "patchouli:entity",
      "entity": "minecraft:cat{variant:red}",
      "scale": "0.5",
      "name": "红猫"
    },
    {
      "type": "patchouli:entity",
      "entity": "minecraft:cat{variant:siamese}",
      "scale": "0.5",
      "name": "暹罗猫"
    },
    {
      "type": "patchouli:entity",
      "entity": "minecraft:cat{variant:british_shorthair}",
      "scale": "0.5",
      "name": "英国短毛猫"
    },
    {
      "type": "patchouli:entity",
      "entity": "minecraft:cat{variant:calico}",
      "scale": "0.5",
      "name": "三色猫"
    },
    {
      "type": "patchouli:entity",
      "entity": "minecraft:cat{variant:persian}",
      "scale": "0.5",
      "name": "波斯猫"
    },
    {
      "type": "patchouli:entity",
      "entity": "minecraft:cat{variant:ragdoll}",
      "scale": "0.5",
      "name": "布偶猫"
    },
    {
      "type": "patchouli:entity",
      "entity": "minecraft:cat{variant:white}",
      "scale": "0.5",
      "name": "白猫"
    },
    {
      "type": "patchouli:entity",
      "entity": "minecraft:cat{variant:jellie}",
      "scale": "0.5",
      "name": "果冻猫"
    },
    {
      "type": "patchouli:entity",
      "entity": "minecraft:cat{variant:all_black}",
      "scale": "0.5",
      "name": "全黑猫"
    }
  ]
}