{
  "name": "动物 - 骆驼",
  "icon": "minecraft:camel_spawn_egg",
  "category": "lexicon:creatures",
  "pages": [
    {
      "type": "patchouli:text",
      "text": "> $(n)生命值:$() 32     $(br)> $(n)攻击伤害:$() 0    $(br)> $(n)行为:$() 被动     $(br)> $(n)生成:$() 沙漠村庄 $(br)> $(n)繁殖:$() 仙人掌     $(br)> $(n)特性:$() $(br)可以装备$(item)鞍$()，并且可以在水中骑行，水深最多可达3个方块，最多可容纳两个$(l:creatures/human-player)$(thing)玩家$()。$(thing)骆驼$()的身高足够高，大多数近战敌对生物无法接触到玩家进行攻击。它们还具有“冲刺”的能力。在冲刺时，$(thing)骆驼$()可以向前冲刺最多12个方块，并向上冲刺一个方块。"
    },
    {
      "type": "patchouli:entity",
      "entity": "minecraft:camel",
      "scale": "0.5",
      "text": "$(n)掉落物:$() -  $(n)经验值:$() 1-3"
    }
  ]
}