{
  "name": "动物 - 绵羊",
  "icon": "minecraft:sheep_spawn_egg",
  "category": "lexicon:creatures",
  "pages": [
    {
      "type": "patchouli:text",
      "text": "> $(n)生命值:$() 8     $(br)> $(n)攻击伤害:$() 0    $(br)> $(n)行为:$() 温顺     $(br)> $(n)生成:$() 主世界草地 $(br)> $(n)繁殖:$() 小麦     $(br)> $(n)特性:$() $(br)绵羊可以染色和剪毛。"
    },
    {
      "type": "patchouli:entity",
      "entity": "minecraft:sheep",
      "scale": "0.5",
      "text": "$(n)掉落物:$() 1个羊毛，1-2个生羊肉，如果用火杀死则掉落1-2个熟羊肉  $(n)经验值:$() 1-3"
    },
    {
      "type": "patchouli:entity",
      "entity": "minecraft:sheep{Sheared:1}",
      "scale": "0.5",
      "name": "剪毛的绵羊"
    },
    {
      "type": "patchouli:entity",
      "entity": "minecraft:sheep{Color:1}",
      "scale": "0.5",
      "name": "橙色绵羊",
      "text": "颜色ID: 1"
    },
    {
      "type": "patchouli:entity",
      "entity": "minecraft:sheep{Color:2}",
      "scale": "0.5",
      "name": "洋红色绵羊",
      "text": "颜色ID: 2"
    },
    {
      "type": "patchouli:entity",
      "entity": "minecraft:sheep{Color:3}",
      "scale": "0.5",
      "name": "浅蓝色绵羊",
      "text": "颜色ID: 3"
    },
    {
      "type": "patchouli:entity",
      "entity": "minecraft:sheep{Color:4}",
      "scale": "0.5",
      "name": "黄色绵羊",
      "text": "颜色ID: 4"
    },
    {
      "type": "patchouli:entity",
      "entity": "minecraft:sheep{Color:5}",
      "scale": "0.5",
      "name": "酸橙色绵羊",
      "text": "颜色ID: 5"
    },
    {
      "type": "patchouli:entity",
      "entity": "minecraft:sheep{Color:6}",
      "scale": "0.5",
      "name": "粉色绵羊",
      "text": "颜色ID: 6"
    },
    {
      "type": "patchouli:entity",
      "entity": "minecraft:sheep{Color:7}",
      "scale": "0.5",
      "name": "灰色绵羊",
      "text": "颜色ID: 7"
    },
    {
      "type": "patchouli:entity",
      "entity": "minecraft:sheep{Color:8}",
      "scale": "0.5",
      "name": "浅灰色绵羊",
      "text": "颜色ID: 8"
    },
    {
      "type": "patchouli:entity",
      "entity": "minecraft:sheep{Color:9}",
      "scale": "0.5",
      "name": "青色绵羊",
      "text": "颜色ID: 9"
    },
    {
      "type": "patchouli:entity",
      "entity": "minecraft:sheep{Color:10}",
      "scale": "0.5",
      "name": "紫色绵羊",
      "text": "颜色ID: 10"
    },
    {
      "type": "patchouli:entity",
      "entity": "minecraft:sheep{Color:11}",
      "scale": "0.5",
      "name": "蓝色绵羊",
      "text": "颜色ID: 11"
    },
    {
      "type": "patchouli:entity",
      "entity": "minecraft:sheep{Color:12}",
      "scale": "0.5",
      "name": "棕色绵羊",
      "text": "颜色ID: 12"
    },
    {
      "type": "patchouli:entity",
      "entity": "minecraft:sheep{Color:13}",
      "scale": "0.5",
      "name": "绿色绵羊",
      "text": "颜色ID: 13"
    },
    {
      "type": "patchouli:entity",
      "entity": "minecraft:sheep{Color:14}",
      "scale": "0.5",
      "name": "红色绵羊",
      "text": "颜色ID: 14"
    },
    {
      "type": "patchouli:entity",
      "entity": "minecraft:sheep{Color:15}",
      "scale": "0.5",
      "name": "黑色绵羊",
      "text": "颜色ID: 15"
    },
    {
      "type": "patchouli:entity",
      "entity": "minecraft:sheep{Color:0}",
      "scale": "0.5",
      "name": "白色绵羊",
      "text": "颜色ID: 0"
    }
  ]
}