{
  "name": "动物 - 山羊",
  "icon": "minecraft:goat_spawn_egg",
  "category": "lexicon:creatures",
  "pages": [
    {
      "type": "patchouli:text",
      "text": "> $(n)生命值:$() 10     $(br)> $(n)攻击伤害:$() 简单模式下为1，普通模式下为2，困难模式下为3 $(br)> $(n)行为:$() 大部分是中立的 $(br)> $(n)生成:$() 山顶 $(br)> $(n)繁殖:$() 小麦 $(br)> $(n)特性:$() $(br)可以用$(item)桶$()挤奶。$(thing)山羊$()可以为了好玩而冲撞$(l:creatures/human-player)$(thing)玩家$()和生物。"
    },
    {
      "type": "patchouli:entity",
      "entity": "minecraft:goat",
      "scale": "0.5",
      "text": "$(n)掉落物:$() -  $(n)经验值:$() 1-3"
    }
  ]
}