{
  "name": "生物-悦灵",
  "icon": "minecraft:allay_spawn_egg",
  "category": "lexicon:creatures",
  "pages": [
    {
      "type": "patchouli:text",
      "text": "> $(n)生命值:$() 20     $(br)> $(n)攻击伤害:$() 0     $(br)> $(n)行为:$() 被动     $(br)> $(n)生成:$() $(l:world/structures#outpost)哨塔$()、$(l:world/structures#mansion)庄园$() $(br)> $(n)繁殖:$() 持有$(item)紫水晶碎片$()并跳舞时会复制自己$(br)> $(n)特性:$() $(br)在周围游荡，直到$(l:creatures/human-player)$(thing)玩家$()给它一个物品。它会开始跟随$(l:creatures/human-player)$(thing)玩家$()，并寻找相同物品的掉落物并将其交给主人。$(br)如果它听到$(l:redstone/redstone_components#noteblock)$(item)音符方块$()的声音，它会在该音符方块附近停留30秒，寻找周围的物品并将其归还。"
    },
    {
      "type": "patchouli:entity",
      "entity": "minecraft:allay",
      "scale": "0.5",
      "text": "$(n)掉落物:$() -  $(br)$(n)经验值:$() 0"
    }
  ]
}