{
  "name": "动物- 蝙蝠",
  "icon": "minecraft:bat_spawn_egg",
  "category": "lexicon:creatures",
  "pages": [
    {
      "type": "patchouli:text",
      "text": "> $(n)生命值:$() 6     $(br)> $(n)攻击伤害:$() 0    $(br)> $(n)行为:$() 被动      $(br)> $(n)生成:$() 在63层以下的黑暗洞穴中"
    },
    {
      "type": "patchouli:entity",
      "entity": "minecraft:bat",
      "scale": "0.5",
      "text": "$(n)掉落物:$() -  $(n)经验值:$() 0"
    }
  ]
}