{
  "name": "动物 - 牛",
  "icon": "minecraft:cow_spawn_egg",
  "category": "lexicon:creatures",
  "pages": [
    {
      "type": "patchouli:text",
      "text": "> $(n)生命值:$() 10     $(br)> $(n)攻击伤害:$() 0    $(br)> $(n)行为:$() 被动     $(br)> $(n)生成:$() 在草地上的主世界，剪羊毛$(l:creatures/animal-mooshrooms)蘑菇牛$(br)> $(n)繁殖:$() 小麦     $(br)> $(n)特性:$() $(br)成年$(thing)牛$()可以使用$(item)桶$()挤奶。"
    },
    {
      "type": "patchouli:entity",
      "entity": "minecraft:cow",
      "scale": "0.5",
      "text": "$(n)掉落物:$() 0-2块皮革，1-3块生牛肉，如果被火击杀则掉落1-3块牛排  $(n)经验值:$() 1-3"
    }
  ]
}