{
  "name": "水生动物 - 鳕鱼",
  "icon": "minecraft:cod_spawn_egg",
  "category": "lexicon:creatures",
  "pages": [
    {
      "type": "patchouli:text",
      "text": "> $(n)生命值:$() 3     $(br)> $(n)攻击伤害:$() 0    $(br)> $(n)行为:$() 被动      $(br)> $(n)生成:$() 海洋    $(br)> $(n)特性:$() $(br)可以用$(item)水桶$()捕捉。"
    },
    {
      "type": "patchouli:entity",
      "entity": "minecraft:cod",
      "scale": "0.5",
      "text": "$(n)掉落物:$() 生鳕鱼，如果用火击杀则掉落熟鳕鱼，还有5%的几率掉落骨粉  $(n)经验值:$() 1-3"
    }
  ]
}