{
  "name": "水生动物 - 青蛙",
  "icon": "minecraft:frog_spawn_egg",
  "category": "lexicon:creatures",
  "pages": [
    {
      "type": "patchouli:text",
      "text": "> $(n)生命值:$() 10     $(br)> $(n)攻击伤害:$() 0    $(br)> $(n)行为:$() 被动  $(br)> $(n)生成:$() 沼泽，红树林沼泽$(br)> $(n)繁殖:$() 粘液球（需要附近有水）$(br)> $(n)特性:$() $(br)$(thing)青蛙$()吃$(l:creatures/monster-magma_cube)$(thing)岩浆怪$()时，会根据$(thing)青蛙$()的种类产生三种不同的$(l:rare/froglight)$(item)蛙明灯$()。"
    },
    {
      "type": "patchouli:entity",
      "entity": "minecraft:frog",
      "scale": "0.5",
      "text": "$(n)掉落物:$() - $(br)$(n)经验值:$() 1-3"
    },
    {
      "type": "patchouli:entity",
      "entity": "minecraft:frog{variant:warm}",
      "scale": "0.5",
      "name": "温暖变种"
    },
    {
      "type": "patchouli:entity",
      "entity": "minecraft:frog{variant:cold}",
      "scale": "0.5",
      "name": "寒冷变种"
    },
    {
      "type": "patchouli:entity",
      "entity": "minecraft:frog{variant:temperate}",
      "scale": "0.5",
      "name": "温带变种"
    }
  ]
}