{
  "name": "水生动物 - 热带鱼",
  "icon": "minecraft:tropical_fish_spawn_egg",
  "category": "lexicon:creatures",
  "pages": [
    {
      "type": "patchouli:text",
      "text": "> $(n)生命值:$() 3     $(br)> $(n)攻击伤害:$() 0    $(br)> $(n)行为:$() 被动      $(br)> $(n)生成地:$() 温暖的海洋、繁茂洞穴、红树林 $(br)> $(n)特性:$() $(br)可以用$(item)水桶$()捕捉。有2,700种自然变种。"
    },
    {
      "type": "patchouli:entity",
      "entity": "minecraft:tropical_fish",
      "scale": "0.5",
      "text": "$(n)掉落物:$() 热带鱼，获得骨粉的几率为5%  $(n)经验值:$() 1-3"
    }
  ]
}