{
  "name": "水生动物 - 海龟",
  "icon": "minecraft:turtle_spawn_egg",
  "category": "lexicon:creatures",
  "pages": [
    {
      "type": "patchouli:text",
      "text": "> $(n)生命值:$() 30     $(br)> $(n)攻击伤害:$() 0    $(br)> $(n)行为:$() 被动     $(br)> $(n)生成地:$() 海滩    $(br)> $(n)繁殖:$() 海草（附近需要有海滩）$(br)> $(n)特性:$() $(br)海龟会产下可以用$(l:enchanting/enchantments#silk_touch)$(thing)丝之触$()收集的蛋。$(thing)幼小的海龟$()长大后会掉落$(item)鳞片$()。"
    },
    {
      "type": "patchouli:entity",
      "entity": "minecraft:turtle",
      "scale": "0.5",
      "text": "$(n)掉落物:$() 0-2 海草，如果被闪电击中则掉落1个碗  $(n)经验值:$() 1-3"
    }
  ]
}