{
  "name": "水生动物 - 蝌蚪",
  "icon": "minecraft:tadpole_spawn_egg",
  "category": "lexicon:creatures",
  "pages": [
    {
      "type": "patchouli:text",
      "text": "> $(n)生命值:$() 6 $(br)> $(n)攻击伤害:$() 0 $(br)> $(n)行为:$() 被动 $(br)> $(n)生成地:$() 从蛙卵孵化 $(br)> $(n)特性:$() $(br)$(thing)蝌蚪$()会跟随一个拿着$(item)史莱姆球$()的$(l:creatures/human-player)$(thing)玩家$()。$(br2)$(thing)蝌蚪$()会根据生物群系的不同长大为$(l:creatures/aquatic_animal-frog)$(thing)青蛙$)的不同变种之一。$(br2)喂食$(item)史莱姆球$()可以加速它的生长。"
    },
    {
      "type": "patchouli:entity",
      "entity": "minecraft:tadpole",
      "scale": "0.5",
      "text": "$(n)掉落物:$() - $(br)$(n)经验值:$() 0"
    }
  ]
}