{
  "name": "水生动物 - 三文鱼",
  "icon": "minecraft:salmon_spawn_egg",
  "category": "lexicon:creatures",
  "pages": [
    {
      "type": "patchouli:text",
      "text": "> $(n)生命值:$() 3     $(br)> $(n)攻击伤害:$() 0    $(br)> $(n)行为:$() 被动      $(br)> $(n)生成地:$() 河流、寒冷的海洋 $(br)> $(n)特性:$() $(br)可以用$(item)桶$()捕捉。"
    },
    {
      "type": "patchouli:entity",
      "entity": "minecraft:salmon",
      "scale": "0.5",
      "text": "$(n)掉落物:$() 生鲑鱼、用火烹饪后获得熟鲑鱼，有5%的几率掉落骨粉  $(n)经验值:$() 1-3"
    }
  ]
}