{
  "name": "水生动物 - 美西螈",
  "icon": "minecraft:axolotl_spawn_egg",
  "category": "lexicon:creatures",
  "pages": [
    {
      "type": "patchouli:text",
      "text": "> $(n)生命值:$() 14     $(br)> $(n)攻击伤害:$() 2     $(br)> $(n)行为:$() 被动      $(br)> $(n)生成:$() 繁茂洞穴    $(br)> $(n)繁殖:$() 热带鱼桶  $(br)> $(n)特性:$() $(br)如果美西螈在水下受到伤害，它可能会装死，倒在地上200个游戏刻（10秒），同时获得$(l:brewing/effects#regeneration)$(thing)恢复I$()效果。敌对的水生生物会忽略正在恢复的美西螈。"
    },
    {
      "type": "patchouli:entity",
      "entity": "minecraft:axolotl",
      "scale": "0.5",
      "text": "$(n)掉落物:$() -  $(n)经验值:$() 0"
    },
    {
      "type": "patchouli:entity",
      "entity": "minecraft:axolotl{Variant:4}",
      "scale": "0.5",
      "name": "蓝色美西螈",
      "text": "变种ID: 4"
    },
    {
      "type": "patchouli:entity",
      "entity": "minecraft:axolotl{Variant:3}",
      "scale": "0.5",
      "name": "青色美西螈",
      "text": "变种ID: 3"
    },
    {
      "type": "patchouli:entity",
      "entity": "minecraft:axolotl{Variant:2}",
      "scale": "0.5",
      "name": "金色美西螈",
      "text": "变种ID: 2"
    },
    {
      "type": "patchouli:entity",
      "entity": "minecraft:axolotl{Variant:1}",
      "scale": "0.5",
      "name": "野生美西螈",
      "text": "变种ID: 1"
    },
    {
      "type": "patchouli:entity",
      "entity": "minecraft:axolotl{Variant:0}",
      "scale": "0.5",
      "name": "露西美西螈",
      "text": "变种ID: 0"
    }
  ]
}