{
  "name": "水生动物 - 海豚",
  "icon": "minecraft:dolphin_spawn_egg",
  "category": "lexicon:creatures",
  "pages": [
    {
      "type": "patchouli:text",
      "text": "> $(n)生命值:$() 10     $(br)> $(n)攻击伤害:$() 2.5 - 3，困难模式下为4.5 $(br)> $(n)行为:$() 中立     $(br)> $(n)生成:$() 温暖的海洋，海洋 $(br)> $(n)信任物品:$() 生鳕鱼，生鲑鱼 $(br)> $(n)特性:$() $(br)与$(l:creatures/human-player)$(thing)玩家$()一起游泳的$(thing)海豚$()会获得$(l:brewing/effects#grace)$(thing)海豚的恩惠$()效果。$(thing)海豚$()会玩弄掉落物品。当它们被喂食$(item)生鳕鱼$()或$(item)生鲑鱼$()时，它们会游向最近的建筑物或$(l:world/structure#treasure)$(thing)埋藏的宝藏$()。"
    },
    {
      "type": "patchouli:entity",
      "entity": "minecraft:dolphin",
      "scale": "0.5",
      "text": "$(n)掉落物:$() 0-1 生鳕鱼，如果用火击杀则掉落0-1 熟鳕鱼  $(n)经验值:$() 1-3"
    }
  ]
}