{
  "name": "水生动物 - 发光鱿鱼",
  "icon": "minecraft:glow_squid_spawn_egg",
  "category": "lexicon:creatures",
  "pages": [
    {
      "type": "patchouli:text",
      "text": "> $(n)生命值:$() 10     $(br)> $(n)攻击伤害:$() 0    $(br)> $(n)行为:$() 被动     $(br)> $(n)生成:$() 深渊下30层以下的水域 $(br)> $(n)特性:$() $(br)当被攻击时，它们会释放出一团墨水并游走。"
    },
    {
      "type": "patchouli:entity",
      "entity": "minecraft:glow_squid",
      "scale": "0.5",
      "offset": "-0.7",
      "text": "$(n)掉落物:$() 1-3 发光墨囊 $(n)经验值:$() 1-3"
    }
  ]
}