{
  "name": "水生动物 - 墨鱼",
  "icon": "minecraft:squid_spawn_egg",
  "category": "lexicon:creatures",
  "pages": [
    {
      "type": "patchouli:text",
      "text": "> $(n)生命值:$() 10     $(br)> $(n)攻击伤害:$() 0    $(br)> $(n)行为:$() 被动     $(br)> $(n)生成地:$() 河流、海洋 $(br)> $(n)特性:$() $(br)当受到攻击时，它们会释放出一团蓝绿色的墨水颗粒并迅速游走。"
    },
    {
      "type": "patchouli:entity",
      "entity": "minecraft:squid",
      "scale": "0.5",
      "offset": "-0.7",
      "text": "$(n)掉落物:$() 1-3 墨囊  $(n)经验值:$() 1-3"
    }
  ]
}