{
  "name": "水生动物 - 河豚",
  "icon": "minecraft:pufferfish_spawn_egg",
  "category": "lexicon:creatures",
  "pages": [
    {
      "type": "patchouli:text",
      "text": "> $(n)生命值:$() 3     $(br)> $(n)攻击伤害:$() 2-3 + 2 中毒效果，困难模式下为 3-4.5 + 4 中毒效果    $(br)> $(n)行为:$() 大部分时间被动 $(br)> $(n)生成:$() 温暖的海洋    $(br)> $(n)特性:$() $(br)可以用$(item)水桶$()捕捉。"
    },
    {
      "type": "patchouli:entity",
      "entity": "minecraft:pufferfish{PuffState:2}",
      "scale": "0.8",
      "text": "$(n)掉落物:$() 1 河豚，5% 的几率掉落骨粉  $(n)经验值:$() 1-3"
    },
    {
      "type": "patchouli:entity",
      "entity": "minecraft:pufferfish{PuffState:1}",
      "scale": "1",
      "name": "部分膨胀"
    },
    {
      "type": "patchouli:entity",
      "entity": "minecraft:pufferfish{PuffState:0}",
      "scale": "1",
      "name": "放气的河豚"
    }
  ]
}