{
  "name": "节肢动物 - 蜜蜂",
  "icon": "minecraft:bee_spawn_egg",
  "category": "lexicon:creatures",
  "pages": [
    {
      "type": "patchouli:text",
      "text": "> $(n)生命值:$() 10    $(br)> $(n)攻击伤害:$() 2 + 7 中毒伤害，困难模式下为3 + 14 中毒伤害 $(br)> $(n)行为:$() 中立     $(br)> $(n)生成地:$() 蜜蜂巢（温暖的平原、温暖的森林） $(br)> $(n)繁殖:$() 花朵     $(br)> $(n)特性:$() $(br)可以施肥植物。之后，它们会在它们的$(item)蜜蜂巢/蜂箱$()中产生$(item)蜜蜡$()。"
    },
    {
      "type": "patchouli:entity",
      "entity": "minecraft:bee",
      "scale": "0.5",
      "text": "$(n)掉落物:$() -  $(n)经验值:$() 1-3"
    }
  ]
}