{
  "name": "节肢动物 - 蜘蛛",
  "icon": "minecraft:spider_spawn_egg",
  "category": "lexicon:creatures",
  "pages": [
    {
      "type": "patchouli:text",
      "text": "> $(n)生命值:$() 16     $(br)> $(n)攻击伤害:$() 2，困难模式下为3 $(br)> $(n)行为:$() 光照水平 < 12 时敌对，光照水平 > 11 时中立 $(br)> $(n)生成地:$() 世界表面的黑暗处$(br)> $(n)特性:$() $(br)可以爬墙。"
    },
    {
      "type": "patchouli:entity",
      "entity": "minecraft:spider",
      "scale": "0.5",
      "text": "$(n)掉落物:$() 0-2 丝线，1/3 的几率掉落蜘蛛眼  $(n)经验值:$() 5"
    }
  ]
}