{
  "name": "节肢动物 - 洞穴蜘蛛",
  "icon": "minecraft:cave_spider_spawn_egg",
  "category": "lexicon:creatures",
  "pages": [
    {
      "type": "patchouli:text",
      "text": "> $(n)生命值:$() 12     $(br)> $(n)攻击伤害:$() 2 + 6 中毒伤害，困难模式下为3 + 12 中毒伤害 $(br)> $(n)行为:$() 光照水平 < 8 时敌对，光照水平 > 7 时中立 $(br)> $(n)生成地:$() $(l:world/structures#mineshaft)$(thing)矿井$() $(br)> $(n)特性:$() $(br)可以爬墙。攻击时会$(l:brewing/effects#poison)$(thing)中毒$()敌人。"
    },
    {
      "type": "patchouli:entity",
      "entity": "minecraft:cave_spider",
      "scale": "0.5",
      "text": "$(n)掉落物:$() 0-2 丝线，1/3 的几率掉落蜘蛛眼  $(n)经验值:$() 5"
    }
  ]
}