{
  "name": "节肢动物 - 蠹虫",
  "icon": "minecraft:silverfish_spawn_egg",
  "category": "lexicon:creatures",
  "pages": [
    {
      "type": "patchouli:text",
      "text": "> $(n)生命值:$() 8  $(br)> $(n)攻击伤害:$() 2，困难模式下为2.5$(br)> $(n)行为:$() 敌对     $(br)> $(n)生成地:$() $(l:world/structures#stronghold)$(thing)要塞$()或者在挖掘有虫蛀方块后 $(br)> $(n)特性:$() $(br)$(thing)蠹虫$()是一种小型生物，隐藏在山区的石头状方块、$(l:world/structures#stronghold)$(thing)要塞$()、$(l:world/structures#igloo)$(thing)冰屋$()的地下室和$(l:world/structures#mansion)$(thing)丛林府邸$()中。"
    },
    {
      "type": "patchouli:entity",
      "entity": "minecraft:silverfish",
      "scale": "0.5",
      "text": "$(n)掉落物:$() -   $(br)$(n)经验值:$() 5"
    }
  ]
}