{
  "name": "BOSS - 凋灵",
  "icon": "minecraft:wither_skeleton_skull",
  "category": "lexicon:creatures",
  "pages": [
    {
      "type": "patchouli:text",
      "text": "> $(n)生命值:$() 300  $(br)> $(n)攻击伤害:$() $(br)简单模式下为5，普通模式下为8，困难模式下为12 + 凋灵效果 $(br)> $(n)行为:$() 敌对     $(br)> $(n)生成地:$() 当由$(l:creatures/human-player)$(thing)玩家$()创造时 $(br)> $(n)特性:$() $(br)$(thing)凋灵$()每秒被动回复1点生命值，并且对目标的直接致命打击会立即恢复5点生命值。当凋灵的生命值降到一半以下时，它会获得一种天然的凋灵护甲效果，使其免疫箭矢和投掷的三叉戟的伤害。如果它的生命值恢复到一半以上，护甲会消失。它会快速发射摧毁地形的爆炸性投射物。它是一种亡灵生物。"
    },
    {
      "type": "patchouli:entity",
      "entity": "minecraft:wither",
      "scale": "1.0",
      "text": "$(n)掉落物:$() 1个下界之星   $(br)$(n)经验值:$() 50"
    },
    {
      "type": "patchouli:multiblock",
      "multiblock": {
        "pattern": [
          [
            "OOO"
          ],
          [
            "XXX"
          ],
          [
            " X0"
          ]
        ],
        "mapping": {
          "O": "minecraft:wither_skeleton_skull[rotation=4]",
          "X": "minecraft:soul_sand"
        }
      },
      "text": "如何召唤$(thing)凋灵$()。"
    }
  ]
}