{
  "name": "BOSS - 末影龙",
  "icon": "minecraft:dragon_head",
  "category": "lexicon:creatures",
  "pages": [
    {
      "type": "patchouli:text",
      "text": "> $(n)生命值:$() 200  $(br)> $(n)攻击伤害:$() $(br)简单模式下为3-6，普通模式下为5-10，困难模式下为7-15，吐息造成3点/秒的伤害，火球造成6点/秒的伤害 $(br)> $(n)行为:$() 敌对     $(br)> $(n)生成地:$() $(l:world/dimensions#end)末地$()    $(br)> $(n)特性:$() $(br)$(thing)末影龙$()是一只巨大的飞行BOSS，在初次进入$(l:world/dimensions#end)$(thing)末地$()时出现。是众所周知的《Minecraft》的最终BOSS。末影龙对所有$(l:brewing/effects)状态效果$()免疫，可以飞行、发射火球、喷吐$(l:rare/dragons/breath)$(thing)龙息$()，并且可以通过接触破坏大部分方块。它可以依靠$(l:rare/end_crystal)$(thing)末地水晶$()中恢复生命值。可以重新召唤。"
    },
    {
      "type": "patchouli:entity",
      "entity": "minecraft:ender_dragon",
      "scale": "1.5",
      "offset": "-5",
      "text": "$(n)掉落物:$() 1个末影龙蛋，末地传送门结构，出口传送门结构 $(br)$(n)经验值:$() 12,000，重新召唤时为500"
    }
  ]
}