{
  "name": "BOSS - 监守者（循声守卫）",
  "icon": "minecraft:warden_spawn_egg",
  "category": "lexicon:creatures",
  "pages": [
    {
      "type": "patchouli:text",
      "text": "> $(n)生命值:$() 500$(br)> $(n)攻击伤害:$() $(br)简单模式下为16，普通模式下为30，困难模式下为45$(br)> $(n)行为:$() 敌对     $(br)> $(n)生成地:$() 当$(item)幽匿尖啸体$()被激活4次（盖饭注：实际上java版3次，基岩版才是4次）时自然生成 $(br)> $(n)特性:$() $(br)$(thing)监守者$()在生成后完全失明，并在世界中随机漫游。它们对$(item)火焰$()和$(item)岩浆$()的伤害免疫，并且不受$(l:enchanting/enchantments#knockback)$(thing)击退$()影响。$(br)附近的振动会激怒$(thing)监守者$()，并使其向声音来源的方向移动。它们可以释放$(l:brewing/effects#darkness)$(thing)黑暗效果$()并嗅探周围区域。（注：实际上监守者并没有被官方确认为boss，但它依旧很强，我个人认为原版最强：D，新手请绕道走~）"
    },
    {
      "type": "patchouli:entity",
      "entity": "minecraft:warden",
      "scale": "1.0",
      "text": "$(n)掉落物:$() 1个幽匿催发体   $(br)$(n)经验值:$() 5"
    }
  ]
}