{
  "name": "生物 - 雪傀儡",
  "icon": "minecraft:carved_pumpkin",
  "category": "lexicon:creatures",
  "pages": [
    {
      "type": "patchouli:text",
      "text": "> $(n)生命值:$() 4     $(br)> $(n)攻击伤害:$() 对$(l:creatures/monster-blaze)$(thing)烈焰人$()为3 $(br)> $(n)行为:$() 被动，对怪物具有攻击性 $(br)> $(n)生成地:$() 当由$(l:creatures/human-player)$(thing)玩家$()创造时 $(br)> $(n)特性:$() $(br)创建一个$(thing)雪傀儡$()需要$(l:creatures/human-player)$(thing)玩家$()将两个$(item)雪块$()叠放在一起，然后在顶部放置一个$(item)雕刻南瓜$()或$(item)南瓜灯$()。它会向怪物投掷$(item)雪球$()。在炎热的生物群系中会融化，在接触水时也会融化。它们移动时会在地面上留下$(item)雪$()的痕迹。"
    },
    {
      "type": "patchouli:entity",
      "entity": "minecraft:snow_golem",
      "scale": "0.5",
      "text": "$(n)掉落物:$() 0-15个雪球  $(n)经验值:$() 0"
    },
    {
      "type": "patchouli:multiblock",
      "multiblock": {
        "pattern": [
          [
            "O "
          ],
          [
            "X0"
          ],
          [
            "X "
          ]
        ],
        "mapping": {
          "O": "minecraft:carved_pumpkin",
          "X": "minecraft:snow_block"
        }
      },
      "text": "如何建造一个$(thing)雪傀儡$()。"
    }
  ]
}