{
  "name": "生物 - 铁傀儡",
  "icon": "minecraft:iron_block",
  "category": "lexicon:creatures",
  "pages": [
    {
      "type": "patchouli:text",
      "text": "> $(n)生命值:$() 100    $(br)> $(n)攻击伤害:$() 对怪物为7.5-21.5，对玩家为4.75-11.75（简单模式）、7.5-21.5（普通模式）、11.25-32.25（困难模式） $(br)> $(n)行为:$() 中立     $(br)> $(n)生成地:$() $(l:world/structures#village)$(thing)村庄$()、$(l:world/structures#outpost)$(thing)哨所$()、由$(l:creatures/human-player)$(thing)玩家$()创造 $(br)> $(n)特性:$() $(br)通过将4个$(item)铁块$()摆放成T形状，然后在中心上方方块上放置一个$(item)雕刻南瓜$()或$(item)南瓜灯$()来创建$(thing)铁傀儡$()。它会攻击怪物。"
    },
    {
      "type": "patchouli:entity",
      "entity": "minecraft:iron_golem",
      "scale": "1.0",
      "text": "$(n)掉落物:$() 3-5个铁锭，0-2朵向日葵  $(n)经验值:$() 0"
    },
    {
      "type": "patchouli:multiblock",
      "multiblock": {
        "pattern": [
          [
            " O0"
          ],
          [
            "XXX"
          ],
          [
            " X "
          ]
        ],
        "mapping": {
          "O": "minecraft:carved_pumpkin[facing=east]",
          "X": "minecraft:iron_block"
        }
      },
      "text": "如何建造一个$(thing)铁傀儡$()。"
    }
  ]
}