{
  "name": "生物 - 掠夺者",
  "icon": "minecraft:pillager_spawn_egg",
  "category": "lexicon:creatures",
  "pages": [
    {
      "type": "patchouli:text",
      "text": "> $(n)生命值:$() 24  $(br)> $(n)攻击伤害:$() $(br)远程攻击：简单难度下为3-4，普通难度为4，困难难度下为4-5 $(br)近战攻击：简单难度下为2，普通难度为3，困难难度下为5 $(br)> $(n)行为:$() 敌对     $(br)> $(n)生成地:$() 巡逻、$(l:world/structures#outpost)哨所$()、袭击 $(br)> $(n)特性:$() $(br)$(thing)掠夺者$()是$(thing)灾厄村民$()的一种，巡逻$(l:world/dimensions#overworld)$(thing)主世界$()，守卫他们的$(l:world/structures#outpost)$(thing)哨所$()，并参与袭击，有时会在$(l:world/structures#village)$(thing)村庄$()袭击的后期波次中骑在$(l:creatures/monster#ravanger)$(thing)劫掠兽$()上生成。"
    },
    {
      "type": "patchouli:entity",
      "entity": "minecraft:pillager",
      "scale": "1.0",
      "text": "$(n)掉落物:$() 8.5%的弩，如果作为队长生成还会掉落1个不祥旗帜 $(br)$(n)经验值:$() 5-17"
    }
  ]
}