{
  "name": "生物 - 卫道士",
  "icon": "minecraft:vindicator_spawn_egg",
  "category": "lexicon:creatures",
  "pages": [
    {
      "type": "patchouli:text",
      "text": "> $(n)生命值:$() 24  $(br)> $(n)攻击伤害:$() $(br)简单难度：7，普通难度：13，困难难度：19 $(br)> $(n)行为:$() 敌对     $(br)> $(n)生成地:$() $(l:world/structures#mansion)丛林府邸$()、突袭 $(br)> $(n)特性:$() $(br)$(thing)卫道士$()是一种装备$(item)铁斧$()的$(thing)灾厄村民$()。"
    },
    {
      "type": "patchouli:entity",
      "entity": "minecraft:vindicator",
      "scale": "1.0",
      "text": "$(n)掉落物:$() 0-1个绿宝石，如果它们是灾厄突袭队长，则掉落1个不祥旗帜，8.5%的几率掉落铁斧 $(br)$(n)经验值:$() 5"
    }
  ]
}