{
  "name": "生物 - 女巫",
  "icon": "minecraft:witch_spawn_egg",
  "category": "lexicon:creatures",
  "pages": [
    {
      "type": "patchouli:text",
      "text": "> $(n)生命值:$() 26  $(br)> $(n)攻击伤害:$() 6，中毒 $(br)> $(n)行为:$() 敌对     $(br)> $(n)生成地:$() 主世界，光照等级为0的地方，$(l:world/structures#hut)女巫小屋$()、突袭，当$(l:creature/human-villager)$(thing)村民$()被闪电击中时 $(br)> $(n)特性:$() $(br)$(thing)女巫$()对某些魔法伤害具有85%的抗性。 $(br)她们可以投掷$(l:brewing/potion_types#splash_potion)$(item)喷溅药水$()对敌人进行负面附魔。 $(br)她们可以自我治愈。"
    },
    {
      "type": "patchouli:entity",
      "entity": "minecraft:witch",
      "scale": "0.5",
      "text": "$(n)掉落物:$() 12.5%的几率掉落玻璃瓶/荧石粉/火药/红石/蜘蛛眼/糖，25%的几率掉落木棍，8.5%的几率掉落她的$(l:brewing/potion_types#potion)药水$()（在饮用时被杀死）"
    }
  ]
}