{
  "name": "生物 - 玩家",
  "icon": "minecraft:player_head",
  "category": "lexicon:creatures",
  "pages": [
    {
      "type": "patchouli:text",
      "text": "> $(n)生命值:$() 20 + 护甲 $(br)> $(n)攻击伤害:$() 无工具时为1 $(br)> $(n)行为:$() 不可预测（:D） $(br)> $(n)生成地:$() 玩家/世界生成点"
    },
    {
      "type": "patchouli:image",
      "images": [
        "lexicon:textures/pictures/player.png"
      ],
      "border": false,
      "text": "$(n)掉落物:$() 携带的物品  $(br)$(n)经验值:$() 不固定"
    }
  ]
}