{
  "name": "生物 - 村民",
  "icon": "minecraft:villager_spawn_egg",
  "category": "lexicon:creatures",
  "pages": [
    {
      "type": "patchouli:text",
      "text": "> $(n)生命值:$() 20 $(br)> $(n)攻击伤害:$() 0    $(br)> $(n)行为:$() 被动     $(br)> $(n)生成地:$() $(l:world/structures#village)村庄$()、$(l:world/structures#igloo)冰屋$()    $(br)> $(n)繁殖:$() Ta的物品栏里有3个面包或者12个胡萝卜或者12个土豆或者12个甜菜根+一个空床 $(br)> $(n)特性:$() $(br)$(thing)村民$()居住在$(l:world/structures#village)$(thing)村庄$()，从事各自的职业，繁殖，并相互交流。他们的服装根据职业和生物群系而异。$(l:creatures/human-player)$(thing)玩家$()可以使用$(item)绿宝石$()作为货币与$(thing)村民$()进行交易。"
    },
    {
      "type": "patchouli:entity",
      "entity": "minecraft:villager",
      "scale": "1.0",
      "text": "$(n)掉落物:$() -  $(n)经验值:$() 交易时为3-6"
    },
    {
      "type": "patchouli:entity",
      "entity": "minecraft:villager{VillagerData:{profession:armorer}}",
      "anchor": "armorer",
      "scale": "1.0"
    },
    {
      "type": "patchouli:entity",
      "entity": "minecraft:villager{VillagerData:{profession:butcher}}",
      "anchor": "butcher",
      "scale": "1.0"
    },
    {
      "type": "patchouli:entity",
      "entity": "minecraft:villager{VillagerData:{profession:cartographer}}",
      "anchor": "cartographer",
      "scale": "1.0"
    },
    {
      "type": "patchouli:entity",
      "entity": "minecraft:villager{VillagerData:{profession:fisherman}}",
      "anchro": "fisherman",
      "scale": "1.0"
    },
    {
      "type": "patchouli:entity",
      "entity": "minecraft:villager{VillagerData:{profession:fletcher}}",
      "anchor": "fletcher",
      "scale": "1.0"
    },
    {
      "type": "patchouli:entity",
      "entity": "minecraft:villager{VillagerData:{profession:leatherworker}}",
      "anchor": "leatherworker",
      "scale": "1.0"
    },
    {
      "type": "patchouli:entity",
      "entity": "minecraft:villager{VillagerData:{profession:librarian}}",
      "anchor": "librarian",
      "scale": "1.0"
    },
    {
      "type": "patchouli:entity",
      "entity": "minecraft:villager{VillagerData:{profession:mason}}",
      "anchor": "mason",
      "scale": "1.0"
    },
    {
      "type": "patchouli:entity",
      "entity": "minecraft:villager{VillagerData:{profession:shepherd}}",
      "anchor": "shepherd",
      "scale": "1.0"
    },
    {
      "type": "patchouli:entity",
      "entity": "minecraft:villager{VillagerData:{profession:cleric}}",
      "anchor": "cleric",
      "scale": "1.0"
    },
    {
      "type": "patchouli:entity",
      "entity": "minecraft:villager{VillagerData:{profession:farmer}}",
      "anchor": "farmer",
      "scale": "1.0"
    },
    {
      "type": "patchouli:entity",
      "entity": "minecraft:villager{VillagerData:{profession:toolsmith}}",
      "anchor": "toolsmith",
      "scale": "1.0"
    },
    {
      "type": "patchouli:entity",
      "entity": "minecraft:villager{VillagerData:{profession:weaponsmith}}",
      "anchor": "weaponsmith",
      "scale": "1.0"
    },
    {
      "type": "patchouli:entity",
      "entity": "minecraft:villager{VillagerData:{profession:nitwit}}",
      "anchor": "nitwit",
      "scale": "1.0"
    }
  ]
}