{
  "name": "生物 - 流浪商人",
  "icon": "minecraft:wandering_trader_spawn_egg",
  "category": "lexicon:creatures",
  "pages": [
    {
      "type": "patchouli:text",
      "text": "> $(n)生命值:$() 20     $(br)> $(n)攻击伤害:$() 0    $(br)> $(n)行为:$() 被动     $(br)> $(n)生成地:$() 主世界    $(br)> $(n)特性:$() $(br)在$(l:creatures/human-player)$(thing)玩家$()附近随机生成。可以与它进行交易，使自然物品更容易获取，更安全。"
    },
    {
      "type": "patchouli:entity",
      "entity": "minecraft:wandering_trader",
      "scale": "1.0",
      "text": "$(n)掉落物:$() -  $(n)经验值:$() 0"
    }
  ]
}