{
  "name": "生物 - 唤魔者",
  "icon": "minecraft:evoker_spawn_egg",
  "category": "lexicon:creatures",
  "pages": [
    {
      "type": "patchouli:text",
      "text": "> $(n)生命值:$() 24  $(br)> $(n)攻击伤害:$() 6    $(br)> $(n)行为:$() 敌对     $(br)> $(n)生成地:$() $(l:world/structures#mansion)丛林府邸$()、袭击 $(br)> $(n)特性:$() $(br)$(thing)唤魔者$()有两种不同的攻击方式：尖牙攻击和召唤$(l:creatures/monster-vex)$(thing)恼鬼$()。"
    },
    {
      "type": "patchouli:entity",
      "entity": "minecraft:evoker",
      "scale": "1.0",
      "text": "$(n)掉落物:$() 1个$(l:rare/totem_of_undying)不死图腾$()，0-1个绿宝石，袭击中还会掉落1个不祥旗帜 $(br)$(n)经验值:$() 10"
    }
  ]
}