{
  "name": "生物 - 守卫者",
  "icon": "minecraft:guardian_spawn_egg",
  "category": "lexicon:creatures",
  "pages": [
    {
      "type": "patchouli:text",
      "text": "> $(n)生命值:$() 30  $(br)> $(n)攻击伤害:$() $(br)远程攻击: 简单难度下为4，普通难度下为6，困难难度下为9，$(br)近战攻击: 2，困难难度下为3 $(br)> $(n)行为:$() 敌对     $(br)> $(n)生成地:$() $(l:world/structures#monument)海底神殿$() $(br)> $(n)特性:$() $(br)$(thing)守卫者$()有两种攻击方式，包括发射激光和一种类似防御性的荆棘攻击。"
    },
    {
      "type": "patchouli:entity",
      "entity": "minecraft:guardian",
      "scale": "0.5",
      "text": "$(n)掉落物:$() 掉落0-2个海晶碎片，有40%的几率掉落生鳕鱼或熟鳕鱼（如果被火杀死），有40%的几率掉落海晶碎片，有2.5%的几率额外掉落一条鱼         $(n)经验值:$() 10"
    }
  ]
}