{
  "name": "生物 - 恼鬼",
  "icon": "minecraft:vex_spawn_egg",
  "category": "lexicon:creatures",
  "pages": [
    {
      "type": "patchouli:text",
      "text": "> $(n)生命值:$() 14  $(br)> $(n)攻击伤害:$() $(br)简单难度下为5.5，普通难度下为9，困难难度下为13.5 $(br)> $(n)行为:$() 敌对     $(br)> $(n)生成地:$() 被$(l:creatures/human-evoker)召唤者$()召唤 $(br)> $(n)特性:$() $(br)$(thing)恼鬼$()是由施法的$(l:creatures/human-evoker)$(thing)唤魔者$()以3个为一组召唤的微小飞行生物。它们能够在空中飞行，并且可以自由穿过任何方块，包括$(item)水$()和$(item)岩浆$()，而不会受到伤害。"
    },
    {
      "type": "patchouli:entity",
      "entity": "minecraft:vex",
      "scale": "0.5",
      "text": "$(n)掉落物:$() -   $(br)$(n)经验值:$() 5"
    }
  ]
}