{
  "name": "生物 - 恶魂",
  "icon": "minecraft:ghast_spawn_egg",
  "category": "lexicon:creatures",
  "pages": [
    {
      "type": "patchouli:text",
      "text": "> $(n)生命值:$() 10  $(br)> $(n)攻击伤害:$() $(br)撞击: 6，$(br)爆炸: 简单难度下为9，普通难度下为17，困难难度下为25 $(br)> $(n)行为:$() 敌对     $(br)> $(n)生成地:$() $(l:world/dimensions#nether)地狱$()    $(br)> $(n)特性:$() $(br)$(thing)恶魂$()可以被点燃，但$(item)火$()或$(item)岩浆$()不会伤害它们。它们会发射火球。"
    },
    {
      "type": "patchouli:entity",
      "entity": "minecraft:ghast",
      "scale": "0.5",
      "text": "$(n)掉落物:$() 掉落0-1个恶魂之泪，0-2个火药 $(br)$(n)经验值:$() 5"
    }
  ]
}