{
  "name": "生物 - 猪灵蛮兵",
  "icon": "minecraft:piglin_brute_spawn_egg",
  "category": "lexicon:creatures",
  "pages": [
    {
      "type": "patchouli:text",
      "text": "> $(n)生命值:$() 50     $(br)> $(n)攻击伤害:$() $(br)简单难度下为4-7，普通难度下为7-14，困难难度下为10-19 $(br)> $(n)行为:$() 敌对 $(br)> $(n)生成地:$() $(l:world/structures#bastion)猪灵堡垒$() $(br)> $(n)特性:$() $(br)$(thing)猪灵蛮兵$()是$(l:creatures/monster-piglin)$(thing)猪灵$()的敌对且更强大的变种，会出现在各种类型的$(l:world/structures#bastion)堡垒遗迹$()中。它们总是攻击$(l:creatures/human-player)$(thing)玩家$()。它们不进行交易，不会退缩，也不会被黄金所吸引。它们会在$(l:world/dimensions#nether)$(thing)地狱$()之外变为僵尸猪灵。"
    },
    {
      "type": "patchouli:entity",
      "entity": "minecraft:piglin_brute",
      "scale": "1.0",
      "text": "$(n)掉落物:$() 有8.5%的几率掉落黄金斧 $(n)经验值:$() 20"
    }
  ]
}