{
  "name": "生物 - 岩浆怪",
  "icon": "minecraft:magma_cube_spawn_egg",
  "category": "lexicon:creatures",
  "pages": [
    {
      "type": "patchouli:text",
      "text": "> $(n)生命值:$() 大型 16，中型 4，小型 1 $(br)> $(n)攻击伤害:$() $(br)大型 4-9，中型 3-6，小型 2.5-4.5 $(br)> $(n)行为:$() 敌对     $(br)> $(n)生成地:$() $(l:world/dimensions#nether)地狱$()  $(br)> $(n)特性:$() $(br)$(thing)岩浆怪$()不会受到坠落伤害或火焰伤害。它们可以在$(item)岩浆$()中向上游泳并跳出岩浆表面。它们的跳跃高度取决于它们的大小。它们的移动速度是大多数其他生物的两倍。当$(thing)岩浆怪$()被杀死时，它会分裂成2-4个较小的岩浆怪。小型$(thing)岩浆怪$()在被杀死时会消失，就像其他生物一样。"
    },
    {
      "type": "patchouli:entity",
      "entity": "minecraft:magma_cube",
      "scale": "1.0",
      "text": "$(n)掉落物:$() 掉落0-1个岩浆奶油 $(br)$(n)经验值:$() 4-1"
    }
  ]
}