{
  "name": "生物 - 末影螨",
  "icon": "minecraft:endermite_spawn_egg",
  "category": "lexicon:creatures",
  "pages": [
    {
      "type": "patchouli:text",
      "text": "> $(n)生命值:$() 8  $(br)> $(n)攻击伤害:$() $(br)简单难度下为2，普通难度下为2，困难难度下为3 $(br)> $(n)行为:$() 敌对     $(br)> $(n)生成地:$() 当$(thing)末影珍珠$()着陆时有5%的几率生成 $(br)> $(n)特性:$() $(br)$(l:creatures/monster-enderman)$(thing)末影人$()会攻击$(thing)末影螨$()。"
    },
    {
      "type": "patchouli:entity",
      "entity": "minecraft:endermite",
      "scale": "0.5",
      "text": "$(n)掉落物:$() -   $(br)$(n)经验值:$() 3"
    }
  ]
}