{
  "name": "生物 - 烈焰人",
  "icon": "minecraft:blaze_spawn_egg",
  "category": "lexicon:creatures",
  "pages": [
    {
      "type": "patchouli:text",
      "text": "> $(n)生命值:$() 10  $(br)> $(n)攻击伤害:$() $(br)远程: 5, $(br)接触: 在简单难度下为4，在普通难度下为6，在困难难度下为9 $(br)> $(n)行为:$() 敌对     $(br)> $(n)生成地:$() $(l:world/structures#fortress)下界堡垒$()  $(br)> $(n)特性:$() $(br)如果一个$(thing)烈焰人$()受到$(l:creatures/human-player)$(thing)玩家$()或其他生物的伤害，它会警告周围48格内的其他$(thing)烈焰人$()，让它们攻击袭击者。它们可以飞行，发射火球，并且受到$(item)水$()和$(item)雪球$()的伤害。"
    },
    {
      "type": "patchouli:entity",
      "entity": "minecraft:blaze",
      "scale": "1.0",
      "text": "$(n)掉落物:$() 掉落0-1个烈焰棒   $(br)$(n)经验值:$() 10"
    }
  ]
}