{
  "name": "生物 - 劫掠兽",
  "icon": "minecraft:ravager_spawn_egg",
  "category": "lexicon:creatures",
  "pages": [
    {
      "type": "patchouli:text",
      "text": "> $(n)生命值:$() 100  $(br)> $(n)攻击伤害:$() $(br)近战攻击: 简单难度下为7，普通难度下为12，困难难度下为18 $(br)咆哮: 6 $(br)> $(n)行为:$() 敌对     $(br)> $(n)生成地:$() 袭击 $(br)> $(n)特性:$() $(br)$(thing)劫掠兽$()是一种巨大的敌对生物，会在袭击中生成并攻击$(l:creatures/human-player)$(thing)玩家$()、$(l:creatures/human-villager)$(thing)村民$()、$(l:creatures/human-wandering_trader)$(thing)流浪商人$()和$(l:creatures/golem-iron_golem)$(thing)铁傀儡$()。它们通过用头部冲撞敌人来攻击，造成5格的击退效果。"
    },
    {
      "type": "patchouli:entity",
      "entity": "minecraft:ravager",
      "scale": "0.5",
      "text": "$(n)掉落物:$() 1个鞍   $(br)$(n)经验值:$() 20"
    }
  ]
}