{
  "name": "生物 - 史莱姆",
  "icon": "minecraft:slime_spawn_egg",
  "category": "lexicon:creatures",
  "pages": [
    {
      "type": "patchouli:text",
      "text": "> $(n)生命值:$() 大型 16，中型 4，小型 1 $(br)> $(n)攻击伤害:$() $(br)大型 4-9，中型 3-6，小型 2.5-4.5 $(br)> $(n)行为:$() 敌对     $(br)> $(n)生成地:$() $(l:world/dimensions#overworld)主世界$()的'史莱姆区块'，在40层以下；在光照水平小于8的沼泽地带的50-70层 $(br)> $(n)特性:$() $(br)$(thing)当一个大于小型的$(thing)史莱姆$()死亡时，它会生成2-4个新的$(thing)史莱姆$()，数量等于其大小除以2，向下取整。"
    },
    {
      "type": "patchouli:entity",
      "entity": "minecraft:slime",
      "scale": "1.0",
      "text": "$(n)掉落物:$() 0-2个史莱姆球 $(br)$(n)经验值:$() 4-1"
    }
  ]
}