{
  "name": "生物 - 爬行者（苦力怕）",
  "icon": "minecraft:creeper_spawn_egg",
  "category": "lexicon:creatures",
  "pages": [
    {
      "type": "patchouli:text",
      "text": "> $(n)生命值:$() 20  $(br)> $(n)攻击伤害:$() $(br)简单难度下为22，普通难度下为43，困难难度下为64$(br)> $(n)行为:$() 敌对 $(br)> $(n)生成地:$() 主世界，光照等级为0的地方$(br)> $(n)特性:$() $(br)$(thing)爬行者$()会追逐16格范围内的$(l:creatures/human-player)$(thing)玩家$()。它们不会主动攻击其他生物。当距离一个$(l:creatures/human-player)$(thing)玩家$()3格以内时，$(thing)爬行者$()停止移动，发出嘶嘶声，闪烁并膨胀，在1.5秒后爆炸，破坏周围的方块并对目标造成重大伤害。它还可以被闪电击中而充能。（注：大多数国人玩家叫它苦力怕，实际上官方中文名是爬行者）"
    },
    {
      "type": "patchouli:entity",
      "entity": "minecraft:creeper",
      "scale": "1.0",
      "text": "$(n)掉落物:$() 掉落0-2个火药，如果被$(l:creatures/undead-skeleton)$(thing)骷髅$()或$(l:creatures/undead-stray)$(thing)流髑$()杀死，则掉落1个$(l:rare/music_discs)$(item)音乐唱片$()，如果被$(l:tips/lightning)$(thing)充能的爬行者$()杀死，则掉落1个$(l:rare/mob_head)$(item)爬行者头颅$() $(br)$(n)经验值:$() 5"
    }
  ]
}