{
  "name": "生物 - 潜影贝",
  "icon": "minecraft:shulker_spawn_egg",
  "category": "lexicon:creatures",
  "pages": [
    {
      "type": "patchouli:text",
      "text": "> $(n)生命值:$()   $(br)> $(n)攻击伤害:$() 4 + $(l:brewing/effects#levitation)$(thing)悬浮$() $(br)> $(n)行为:$() 敌对     $(br)> $(n)生成地:$() $(l:world/structures#end_city)末地城市$()    $(br)> $(n)特性:$() $(br)$(thing)潜影贝$()是一种盒状的敌对生物，可以在$(l:world/structures#end_city)末地城市$()中找到。它们隐藏在壳中，与周围的$(item)紫珀方块$()融为一体，并守卫着城市的各种宝藏。$(thing)潜影贝$()通常静止不动，附着在相邻的实体方块上。它们会发射带有$(l:brewing/effects#levitation)$(thing)悬浮效果$()的抛射物进行攻击。"
    },
    {
      "type": "patchouli:entity",
      "entity": "minecraft:shulker{Peek:16}",
      "scale": "0.5",
      "text": "$(n)掉落物:$() 50%的几率掉落一枚潜影贝壳$(br)$(n)经验值:$() 5"
    },
    {
      "type": "patchouli:entity",
      "entity": "minecraft:shulker{Color:16}",
      "scale": "0.5",
      "name": "(自然生成) 潜影贝",
      "text": "颜色 ID: 16"
    },
    {
      "type": "patchouli:entity",
      "entity": "minecraft:shulker{Color:0}",
      "scale": "0.5",
      "name": "白色潜影贝",
      "text": "颜色 ID: 0"
    },
    {
      "type": "patchouli:entity",
      "entity": "minecraft:shulker{Color:1}",
      "scale": "0.5",
      "name": "橙色潜影贝",
      "text": "颜色 ID: 1"
    },
    {
      "type": "patchouli:entity",
      "entity": "minecraft:shulker{Color:2}",
      "scale": "0.5",
      "name": "品红色潜影贝",
      "text": "颜色 ID: 2"
    },
    {
      "type": "patchouli:entity",
      "entity": "minecraft:shulker{Color:3}",
      "scale": "0.5",
      "name": "浅蓝色潜影贝",
      "text": "颜色 ID: 3"
    },
    {
      "type": "patchouli:entity",
      "entity": "minecraft:shulker{Color:4}",
      "scale": "0.5",
      "name": "黄色潜影贝",
      "text": "颜色 ID: 4"
    },
    {
      "type": "patchouli:entity",
      "entity": "minecraft:shulker{Color:5}",
      "scale": "0.5",
      "name": "黄绿色潜影贝",
      "text": "颜色 ID: 5"
    },
    {
      "type": "patchouli:entity",
      "entity": "minecraft:shulker{Color:6}",
      "scale": "0.5",
      "name": "粉红色潜影贝",
      "text": "颜色 ID: 6"
    },
    {
      "type": "patchouli:entity",
      "entity": "minecraft:shulker{Color:7}",
      "scale": "0.5",
      "name": "灰色潜影贝",
      "text": "颜色 ID: 7"
    },
    {
      "type": "patchouli:entity",
      "entity": "minecraft:shulker{Color:8}",
      "scale": "0.5",
      "name": "浅灰色潜影贝",
      "text": "颜色 ID: 8"
    },
    {
      "type": "patchouli:entity",
      "entity": "minecraft:shulker{Color:9}",
      "scale": "0.5",
      "name": "青色潜影贝",
      "text": "颜色 ID: 9"
    },
    {
      "type": "patchouli:entity",
      "entity": "minecraft:shulker{Color:10}",
      "scale": "0.5",
      "name": "紫色潜影贝",
      "text": "颜色 ID: 10"
    },
    {
      "type": "patchouli:entity",
      "entity": "minecraft:shulker{Color:11}",
      "scale": "0.5",
      "name": "蓝色潜影贝",
      "text": "颜色 ID: 11"
    },
    {
      "type": "patchouli:entity",
      "entity": "minecraft:shulker{Color:12}",
      "scale": "0.5",
      "name": "棕色潜影贝",
      "text": "颜色 ID: 12"
    },
    {
      "type": "patchouli:entity",
      "entity": "minecraft:shulker{Color:13}",
      "scale": "0.5",
      "name": "绿色潜影贝",
      "text": "颜色 ID: 13"
    },
    {
      "type": "patchouli:entity",
      "entity": "minecraft:shulker{Color:14}",
      "scale": "0.5",
      "name": "红色潜影贝",
      "text": "颜色 ID: 14"
    },
    {
      "type": "patchouli:entity",
      "entity": "minecraft:shulker{Color:15}",
      "scale": "0.5",
      "name": "黑色潜影贝",
      "text": "颜色 ID: 15"
    }
  ]
}