{
  "name": "生物 - 猪灵",
  "icon": "minecraft:piglin_spawn_egg",
  "category": "lexicon:creatures",
  "pages": [
    {
      "type": "patchouli:text",
      "text": "> $(n)生命值:$() 16     $(br)> $(n)攻击伤害:$() $(br)远程攻击: 2-5，近战攻击: 简单难度下为5，普通难度下为8，困难难度下为12 $(br)> $(n)行为:$() 主要为中立 $(br)> $(n)生成地:$() $(l:world/dimensions#nether)地狱$() $(br)> $(n)特性:$() $(br)除非$(l:creatures/human-player)$(thing)玩家$()至少装备了一件$(item)金装甲$()，否则它们会变为敌对状态。$(l:creatures/human-player)$(thing)玩家$()可以使用$(item)金锭$()与它们进行$(l:trading/piglin_bartering)交易$()以获取各种物品。它们会躲避$(l:creatures/undead-zombiefied_piglin)$(thing)僵尸猪灵$()、$(l:creatures/undead-zoglin)$(thing)僵尸疣猪兽$()和灵魂火相关物品。它们会在$(l:world/dimensions#nether)$(thing)地狱$()之外变为僵尸猪灵。"
    },
    {
      "type": "patchouli:entity",
      "entity": "minecraft:piglin",
      "scale": "1.0",
      "text": "$(n)掉落物:$() 有8.5%的几率掉落手持物品或装备 $(n)经验值:$() 成年猪灵 5-17，幼年猪灵 1"
    }
  ]
}