{
  "name": "生物 - 末影人",
  "icon": "minecraft:enderman_spawn_egg",
  "category": "lexicon:creatures",
  "pages": [
    {
      "type": "patchouli:text",
      "text": "> $(n)生命值:$() 40     $(br)> $(n)攻击伤害:$() $(br)简单难度下为4.5，普通难度下为7，困难难度下为10.5 $(br)> $(n)行为:$() 中立     $(br)> $(n)生成地:$() $(l:world/dimensions#overworld)主世界$()、$(l:world/dimensions#nether)地狱$()、$(l:world/dimensions#end)末地$()$(br)> $(n)特性:$() $(br)$(thing)末影人$()会被直视眼睛而激怒（如果透过透明方块或戴着$(item)雕刻南瓜$()则可以防止）。它们可以传送和拾起方块。在水中会受到伤害。"
    },
    {
      "type": "patchouli:entity",
      "entity": "minecraft:enderman",
      "scale": "1.0",
      "text": "$(n)掉落物:$() 掉落0-1个末影珍珠  $(n)经验值:$() 5"
    }
  ]
}