{
  "name": "生物 - 远古守卫者",
  "icon": "minecraft:elder_guardian_spawn_egg",
  "category": "lexicon:creatures",
  "pages": [
    {
      "type": "patchouli:text",
      "text": "> $(n)生命值:$() 80  $(br)> $(n)攻击伤害:$() $(br)远程: 简单难度下为5，普通难度下为8，困难难度下为12，$(br)近战: 2，困难难度下为3 $(br)> $(n)行为:$() 敌对     $(br)> $(n)生成地:$() $(l:world/structures#monument)海底神殿$() $(br)> $(n)特性:$() $(br)$(thing)远古守卫者$()有3种攻击方式，包括发射激光、施加$(l:brewing/effects#mining_fatigue)$(thing)挖掘疲劳$()效果和防御性的刺击。"
    },
    {
      "type": "patchouli:entity",
      "entity": "minecraft:guardian",
      "scale": "0.5",
      "text": "$(n)掉落物:$() 掉落0-2个海晶碎片，1个湿海绵，2.5%的几率掉落随机鱼类，1/3的几率掉落海晶碎片 $(br)$(n)经验值:$() 10"
    }
  ]
}