{
  "name": "生物 - 溺尸",
  "icon": "minecraft:drowned_spawn_egg",
  "category": "lexicon:creatures",
  "pages": [
    {
      "type": "patchouli:text",
      "text": "> $(n)生命值:$() 20 + 2 护甲 $(br)> $(n)攻击伤害:$() $(br)近战: 简单难度下为2-6，普通难度下为3-11，困难难度下为4.5-16，$(br)远程: 8   $(br)> $(n)行为:$() 敌对     $(br)> $(n)生成地:$() 河流、海洋、滴水洞穴，光照等级为0 $(br)> $(n)特性:$() $(br)$(thing)溺尸$()经常出现在$(l:world/structures#monument)$(thing)海底神殿$()中。"
    },
    {
      "type": "patchouli:entity",
      "entity": "minecraft:drowned",
      "scale": "1.0",
      "text": "$(n)掉落物:$() 11%的几率掉落1个铜锭，3%的几率掉落1个鹦鹉螺壳，装备的物品 $(br)$(n)经验值:$()成年溺尸掉落5-8经验，幼年溺尸掉落12-15经验"
    }
  ]
}