{
  "name": "神话 - Herobrine",
  "icon": "minecraft:charcoal",
  "category": "lexicon:creatures",
  "pages": [
    {
      "type": "patchouli:text",
      "text": "> $(n)生命值:$() 未知  $(br)> $(n)攻击伤害:$() 未知 $(br)> $(n)行为:$() 敌对     $(br)> $(n)生成地:$() 未知    $(br)> $(n)特性:$() $(br)据说$(thing)Herobrine$()是$(thing)Notch$()的已故兄弟，以某种方式嵌入到了Minecraft中。$(br2)他有着在黑暗中发光的明亮白色眼睛，并且能够持有$(item)工具$()和造成巨大伤害的$(l:combat/weapons)$(item)武器$()。"
    },
    {
      "type": "patchouli:image",
      "images": [
        "lexicon:textures/pictures/herobrine.png"
      ],
      "border": false,
      "text": "$(n)掉落物:$() 未知  $(br)$(n)经验值:$() 未知"
    },
    {
      "type": "patchouli:multiblock",
      "multiblock": {
        "pattern": [
          [
            "   ",
            " F ",
            " 0 "
          ],
          [
            " T ",
            "TNT",
            " T "
          ],
          [
            "GGG",
            "GXG",
            "GGG"
          ]
        ],
        "mapping": {
          "G": "minecraft:gold_block",
          "T": "minecraft:redstone_torch",
          "N": "minecraft:netherrack",
          "F": "minecraft:fire",
          "X": "minecraft:soul_sand"
        }
      },
      "name": "Herobrine Shrine",
      "text": "传说这个祭坛能召唤$(thing)Herobrine$()。"
    }
  ]
}