{
  "name": "亡灵 - 幻翼",
  "icon": "minecraft:phantom_spawn_egg",
  "category": "lexicon:creatures",
  "pages": [
    {
      "type": "patchouli:text",
      "text": "> $(n)生命值:$() 20  $(br)> $(n)攻击伤害:$() 简单难度下为2，困难难度下为3 $(br)> $(n)行为:$() 敌对     $(br)> $(n)生成地:$() $(l:world/dimensions#overworld)主世界$()的夜晚或雷雨天气，当$(l:creatures/human-player)玩家$()连续3天没有尝试进入床时 $(br)> $(n)特性:$() $(br)$(thing)幻翼$()可以在空气和$(item)水$()中移动。它们害怕$(l:creatures/animal-cat)$(thing)猫$()和$(l:creatures/animal-ocelot)$(thing)豹猫$()。它们会被$(l:brewing/effects#instant_damage)$(thing)瞬间伤害$()效果治疗，受到$(l:brewing/effects#instant_health)$(thing)瞬间治疗$()效果伤害，对$(l:brewing/effects#regeneration)$(thing)再生$()和$(l:brewing/effects#poison)$(thing)中毒$()效果免疫。"
    },
    {
      "type": "patchouli:entity",
      "entity": "minecraft:phantom",
      "scale": "0.5",
      "text": "$(n)掉落物:$() 0-1 幻翼膜   $(br)$(n)经验值:$() 5"
    }
  ]
}