{
  "name": "亡灵 - 骷髅",
  "icon": "minecraft:skeleton_spawn_egg",
  "category": "lexicon:creatures",
  "pages": [
    {
      "type": "patchouli:text",
      "text": "> $(n)生命值:$() 20  $(br)> $(n)攻击伤害:$() $(br)简单难度下为2-4，普通难度下为3-4，困难难度下为4-5 $(br)> $(n)行为:$() 敌对     $(br)> $(n)生成地:$() $(l:world/dimensions#overworld)主世界$()亮度为0的地方，$(l:world/structures#fortress)地狱堡垒$()，灵魂沙谷 $(br)> $(n)特性:$() $(br)$(thing)骷髅$()配备$(item)弓箭$()，它们会在阳光下燃烧，并逃离$(l:creatures/animal-wolf)$(thing)狼$()。它们会被$(l:brewing/effects#instant_damage)$(thing)瞬间伤害$()效果治疗，受到$(l:brewing/effects#instant_health)$(thing)瞬间治疗$()效果伤害，对$(l:brewing/effects#regeneration)$(thing)再生$()和$(l:brewing/effects#poison)$(thing)中毒$()效果免疫。"
    },
    {
      "type": "patchouli:entity",
      "entity": "minecraft:skeleton",
      "scale": "1.0",
      "text": "$(n)掉落物:$() 0-2 骨头，0-2 箭，8.5%的几率掉落装备，如果被$(l:tips/lightning)$(thing)闪电苦力怕$()击杀则有1个$(l:rare/mob_head)$(item)骷髅头$() $(br)$(n)经验值:$() 5-8"
    }
  ]
}