{
  "name": "亡灵 - 僵尸马",
  "icon": "minecraft:zombie_horse_spawn_egg",
  "category": "lexicon:creatures",
  "pages": [
    {
      "type": "patchouli:text",
      "text": "> $(n)生命值:$() 15  $(br)> $(n)攻击伤害:$() 0    $(br)> $(n)行为:$() 被动     $(br)> $(n)生成地:$() 非自然生成    $(br)> $(n)特性:$() $(br)它们会被$(l:brewing/effects#instant_damage)$(thing)瞬间伤害$()治愈并受到$(l:brewing/effects#instant_health)$(thing)瞬间治疗$()的伤害，对$(l:brewing/effects#regeneration)$(thing)再生$()和$(l:brewing/effects#poison)$(thing)中毒$()效果免疫。"
    },
    {
      "type": "patchouli:entity",
      "entity": "minecraft:zombie_horse",
      "scale": "0.5",
      "text": "$(n)掉落物:$() 0-2 腐肉   $(br)$(n)经验值:$() 1-3"
    }
  ]
}