{
  "name": "亡灵 - 流浪者",
  "icon": "minecraft:stray_spawn_egg",
  "category": "lexicon:creatures",
  "pages": [
    {
      "type": "patchouli:text",
      "text": "> $(n)生命值:$() 20  $(br)> $(n)攻击伤害:$() 3-5 $(br)> $(n)行为:$() 敌对     $(br)> $(n)生成地:$() 雪地和冰原生物群系 $(br)> $(n)特性:$() $(br)$(thing)流浪者$()的行为与普通的$(l:creatures/undead-skeleton)$(thing)骷髅$()相同，但它们射出的$(item)药箭$()会在击中目标后使其受到$(l:brewing/effects#slowness)$(thing)缓慢$()效果，持续30秒。"
    },
    {
      "type": "patchouli:entity",
      "entity": "minecraft:stray",
      "scale": "1.0",
      "text": "$(n)掉落物:$() 0-2 骨头，0-2 箭，0-1 药箭，8.5%的几率掉落装备 $(br)$(n)经验值:$() 5"
    }
  ]
}