{
  "name": "亡灵 - 僵尸村民",
  "icon": "minecraft:zombie_villager_spawn_egg",
  "category": "lexicon:creatures",
  "pages": [
    {
      "type": "patchouli:text",
      "text": "> $(n)生命值:$() 20  $(br)> $(n)攻击伤害:$() $(br)简单难度下为2.5，普通难度下为3，困难难度下为4.5 $(br)> $(n)行为:$() 敌对     $(br)> $(n)生成地:$() 当$(l:creatures/human-villager)$(thing)村民$()被$(l:creatures/undead-zombie)$(thing)僵尸$()杀死时生成（普通难度下50%，困难难度下100%） $(br)> $(n)特性:$()$(thing)僵尸村民$()可以通过首先给予它们$(l:brewing/effects#weakness)$(thing)虚弱$()效果，然后使用一个非附魔的$(l:rare/golden_apple)$(item)金苹果$()来治愈。它们会被$(l:brewing/effects#instant_damage)$(thing)瞬间伤害$()治愈并受到$(l:brewing/effects#instant_health)$(thing)瞬间治疗$()的伤害，对$(l:brewing/effects#regeneration)$(thing)再生$()和$(l:brewing/effects#poison)$(thing)中毒$()效果免疫。"
    },
    {
      "type": "patchouli:entity",
      "entity": "minecraft:zombie_villager",
      "scale": "1.0",
      "text": "$(n)掉落物:$() 0-2 腐肉，2.5%几率掉落铁锭/胡萝卜/马铃薯/烤马铃薯（如果被火击杀），1个$(l:rare/mob_heads)$(item)僵尸头颅$()（如果被$(l:tips/lightning)带电苦力怕$()击杀） $(br)$(n)经验值:$() 成年僵尸村民 5-17，幼年僵尸村民 12-24"
    }
  ]
}