{
  "name": "亡灵 - 僵尸猪灵",
  "icon": "minecraft:zombified_piglin_spawn_egg",
  "category": "lexicon:creatures",
  "pages": [
    {
      "type": "patchouli:text",
      "text": "> $(n)生命值:$() 20     $(br)> $(n)攻击伤害:$() $(br)普通难度下为3-5，困难难度下为5-8，困难难度下为7-12 $(br)> $(n)行为:$() 中立 $(br)> $(n)生成地:$() $(l:world/dimensions#nether)地狱$()，当$(l:creatures/monster-piglin)猪灵$()离开$(l:world/dimensions#nether)地狱$()，当$(l:creatures/animal-pig)$(thing)猪$()被闪电击中时 $(br)> $(n)特性:$() $(br)如果受到挑衅，会成群攻击。它们会被$(l:brewing/effects#instant_damage)$(thing)瞬间伤害$()治愈并受到$(l:brewing/effects#instant_health)$(thing)瞬间治疗$()的伤害，对$(l:brewing/effects#regeneration)$(thing)再生$()和$(l:brewing/effects#poison)$(thing)中毒$()效果免疫。"
    },
    {
      "type": "patchouli:entity",
      "entity": "minecraft:zombified_piglin",
      "scale": "1.0",
      "text": "$(n)掉落物:$() 0-1 腐肉，0-1 金粒，2.5%几率掉落金锭，8.5%几率掉落所持有的$(l:combat/weapons)武器$()  $(n)经验值:$() 成年僵尸猪灵 5，幼年僵尸猪灵 12"
    }
  ]
}