{
  "name": "亡灵 - 僵尸",
  "icon": "minecraft:zombie_spawn_egg",
  "category": "lexicon:creatures",
  "pages": [
    {
      "type": "patchouli:text",
      "text": "> $(n)生命值:$() 20  $(br)> $(n)攻击伤害:$() $(br)简单难度下为2.5，普通难度下为3，困难难度下为4.5 $(br)> $(n)行为:$() 敌对     $(br)> $(n)生成地:$() $(l:world/dimensions#overworld)主世界$()中亮度为0的地方，当$(l:creatures/undead-husk)$(thing)尸壳$()溺水时 $(br)> $(n)特性:$() $(br)$(thing)僵尸$()会在阳光下燃烧，能够打破门，追捕$(l:creatures/human-villager)$(thing)村民$()并将其转化为$(l:creatures/undead-zombie_villager)$(thing)僵尸村民$()。它们会被$(l:brewing/effects#instant_damage)$(thing)瞬间伤害$()治愈并受到$(l:brewing/effects#instant_health)$(thing)瞬间治疗$()的伤害，对$(l:brewing/effects#regeneration)$(thing)再生$()和$(l:brewing/effects#poison)$(thing)中毒$()效果免疫。"
    },
    {
      "type": "patchouli:entity",
      "entity": "minecraft:zombie",
      "scale": "1.0",
      "text": "$(n)掉落物:$() 0-2 腐肉，2.5%几率掉落铁锭/胡萝卜/马铃薯/烤马铃薯（如果被火击杀），1个$(l:rare/mob_heads)$(item)僵尸头颅$()（如果被$(l:tips/lightning)带电苦力怕$()击杀） $(br)$(n)经验值:$() 成年僵尸 5-17，幼年僵尸 12-24"
    }
  ]
}