{
  "name": "亡灵 - 僵尸疣猪兽",
  "icon": "minecraft:zoglin_spawn_egg",
  "category": "lexicon:creatures",
  "pages": [
    {
      "type": "patchouli:text",
      "text": "> $(n)生命值:$() 40  $(br)> $(n)攻击伤害:$() $(br)成年: 简单难度下为3-5，普通难度下为3-8，困难难度下为4.5-12 $(br)幼年: 困难难度下为0.5，困难难度下为0.75 $(br)> $(n)行为:$() 敌对     $(br)> $(n)生成地:$() 当一只$(l:creatures/animal-hoglin)$(thing)疣猪兽$()离开$(l:world/dimensions#nether)下界$()时  $(br)> $(n)特性:$() $(br)它们会被$(l:brewing/effects#instant_damage)$(thing)瞬间伤害$()治愈并受到$(l:brewing/effects#instant_health)$(thing)瞬间治疗$()的伤害，对$(l:brewing/effects#regeneration)$(thing)再生$()和$(l:brewing/effects#poison)$(thing)中毒$()效果免疫。"
    },
    {
      "type": "patchouli:entity",
      "entity": "minecraft:zoglin",
      "scale": "0.5",
      "text": "$(n)掉落物:$() 1-3 腐肉 $(br)$(n)经验值:$() 5"
    }
  ]
}