{
  "name": "亡灵 - 尸壳",
  "icon": "minecraft:husk_spawn_egg",
  "category": "lexicon:creatures",
  "pages": [
    {
      "type": "patchouli:text",
      "text": "> $(n)生命值:$() 20 + 2 护甲  $(br)> $(n)攻击伤害:$() $(br)简单难度下为2.5，普通难度下为3 + 饥饿效果，困难难度下为4.5 + 饥饿效果 $(br)> $(n)行为:$() 敌对     $(br)> $(n)生成地:$() 沙漠    $(br)> $(n)特性:$() $(br)$(thing)尸壳$()是$(l:creatures/undead-zombie)$(thing)僵尸$()的一种变种，会在沙漠中生成（饭：其原型是埃及木乃伊，因为体内被榨干了只剩躯壳，所以叫做尸壳）。与$(l:creatures/undead-zombie)$(thing)僵尸$()不同的是，它们不会在阳光下燃烧。它们会被$(l:brewing/effects#instant_damage)$(thing)瞬间伤害$()效果治疗，受到$(l:brewing/effects#instant_health)$(thing)瞬间治疗$()效果伤害，对$(l:brewing/effects#regeneration)$(thing)再生$()和$(l:brewing/effects#poison)$(thing)中毒$()效果免疫。"
    },
    {
      "type": "patchouli:entity",
      "entity": "minecraft:husk",
      "scale": "1.0",
      "text": "$(n)掉落物:$() 0-2 腐肉、装备，2.5%的几率掉落铁锭，2.5%的几率掉落胡萝卜，2.5%的几率掉落土豆 $(br)$(n)经验值:$() 成年僵尸5-17，幼年僵尸12"
    }
  ]
}