{
  "name": "亡灵 - 巨人",
  "icon": "minecraft:zombie_spawn_egg",
  "category": "lexicon:creatures",
  "pages": [
    {
      "type": "patchouli:text",
      "text": "> $(n)生命值:$() 100  $(br)> $(n)攻击伤害:$() $(br)简单难度下为26，普通难度下为50，困难难度下为75 $(br)> $(n)行为:$() 敌对     $(br)> $(n)生成地:$() 非自然生成  $(br)> $(n)特性:$() $(br)$(thing)巨人$()的身高接近12个方块，类似于$(l:creatures/undead-zombie)$(thing)僵尸$()。它们无法在没有$(l:commands)指令$()或$(l:modifications/mods)修改$()的情况下生成。"
    },
    {
      "type": "patchouli:entity",
      "entity": "minecraft:giant",
      "scale": "1.3",
      "text": "$(n)掉落物:$() 装备   $(br)$(n)经验值:$() 5"
    }
  ]
}