{
  "name": "亡灵 - 凋灵骷髅",
  "icon": "minecraft:wither_skeleton_spawn_egg",
  "category": "lexicon:creatures",
  "pages": [
    {
      "type": "patchouli:text",
      "text": "> $(n)生命值:$() 20  $(br)> $(n)攻击伤害:$() $(br)简单难度下为5，普通难度下为8，困难难度下为12，5点$(l:brewing/effects#wither)凋灵伤害$() $(br)> $(n)行为:$() 敌对     $(br)> $(n)生成地:$() $(l:world/structures#fortress)下界要塞$()  $(br)> $(n)特性:$() $(br)$(thing)凋灵骷髅$()对火焰和$(l:brewing/effects#wither)凋灵效果$()免疫。尽管它们在$(l:world/dimensions#overworld)$(thing)主世界$()不会燃烧，但在白天仍会寻找阴凉处或水。与大多数亡灵生物一样，它们会沉入$(item)水$()中但不会淹死，它们会被$(l:brewing/effects#instant_damage)$(thing)瞬间伤害$()治愈并受到$(l:brewing/effects#instant_health)$(thing)瞬间治疗$()的伤害，对$(l:brewing/effects#regeneration)$(thing)再生$()和$(l:brewing/effects#poison)$(thing)中毒$()效果免疫。"
    },
    {
      "type": "patchouli:entity",
      "entity": "minecraft:wither_skeleton",
      "scale": "1.0",
      "text": "$(n)掉落物:$() 0-2 骨头，1/3几率掉落煤炭，2.5%几率掉落$(l:rare/mob_heads)$(item)凋灵骷髅头颅$() / 如果被$(l:tips/lightning)$(thing)带电苦力怕$()击杀，则100%几率掉落，8.5%几率掉落装备  $(br)$(n)经验值:$() 5-17"
    }
  ]
}