{
  "name": "亡灵 - 骷髅马",
  "icon": "minecraft:skeleton_horse_spawn_egg",
  "category": "lexicon:creatures",
  "pages": [
    {
      "type": "patchouli:text",
      "text": "> $(n)生命值:$() 15     $(br)> $(n)攻击伤害:$() 0    $(br)> $(n)行为:$() 被动     $(br)> $(n)生成地:$() $(l:world/dimensions#overworld)主世界$()的雷雨天气 $(br)> $(n)特性:$() $(br)如果$(l:creatures/human-player)$(thing)玩家$()击杀$(l:creatures/undead-skeleton)$(thing)骷髅$()骑士，$(thing)骷髅马$()会变得被动和驯服。可以配备$(item)鞍$()并骑行。"
    },
    {
      "type": "patchouli:entity",
      "entity": "minecraft:skeleton_horse",
      "scale": "0.5",
      "text": "$(n)掉落物:$() 1-3 骨头  $(n)经验值:$() 1-3"
    }
  ]
}