{
  "name": "救援物品",
  "icon": "minecraft:shield",
  "category": "lexicon:combat",
  "sortnum": 2,
  "pages": [
    {
      "type": "patchouli:text",
      "text": "除了武器之外，在激烈的战斗中，您还需要其他物品来让您的生存变得更加轻松：$(br)$(li)食物 $(li)盔甲 $(li)盾牌 $(li)$(l:brewing/brewing#potions)药水$() $(li)末影珍珠 $(li)$(l:rare/totem_of_undying)不死图腾$()"
    },
    {
      "type": "patchouli:image",
      "images": [
        "lexicon:textures/pictures/combat_equipment.png"
      ],
      "border": false
    }
  ]
}