{
  "name": "武器",
  "icon": "minecraft:iron_sword",
  "category": "lexicon:combat",
  "sortnum": 1,
  "pages": [
    {
      "type": "patchouli:text",
      "text": "游戏中有许多不同的$(item)武器$()和$(item)工具$()，您可以用它们来战斗。 $(br2)以下是需要考虑的几个因素：$(br)$(li)攻击伤害 $(li)攻击速度 $(li)攻击冷却 $(li)暴击 $(li)相关附魔"
    },
    {
      "type": "patchouli:image",
      "images": [
        "lexicon:textures/pictures/item_damage_1.png",
        "lexicon:textures/pictures/item_damage_2.png"
      ],
      "border": false,
      "title": "伤害和速度",
      "text": "DPS = 每秒伤害"
    },
    {
      "type": "patchouli:text",
      "title": "攻击冷却",
      "text": "当$(l:creatures/human-player)$(thing)玩家$()攻击过于频繁时，会降低攻击的力量。 $(br2)基础伤害（的强度）取决于攻击之间的时间，这也反映在屏幕上持有的$(item)武器$()的高度和攻击指示器条上。"
    },
    {
      "type": "patchouli:text",
      "title": "暴击",
      "text": "暴击是与普通攻击相比能造成额外伤害的攻击。无论使用何种武器，近战暴击都会有小星星粒子从被暴击的目标处飞出。 $(item)箭$()从充分充能的弓射出时有$(thing)25%$()的几率变为暴击。 $(br2)在近战战斗中，当$(l:creatures/human-player)$(thing)玩家$()在下落时攻击怪物，包括从跳跃中下落时，但不包括跳跃上升时，会触发暴击。 $(br)该攻击造成攻击基础伤害的$(thing)150%$()。"
    },
    {
      "type": "patchouli:text",
      "title": "其他武器",
      "text": "$(li)弓或弩与不同类型的箭矢 $(l:brewing/potion_types#splash_potion)$(li)喷溅药水 $(l:brewing/potion_types#lingering_potion)$(li)滞留药水 $(li)雪球（只对$(l:creatures/monster-blaze)$(thing)烈焰人$()造成伤害） $(li)TNT等爆炸物 $(li)打火石 $(li)岩浆桶"
    }
  ]
}