{
  "name": "接下来做什么？",
  "icon": "minecraft:end_stone",
  "category": "lexicon:end",
  "sortnum": 4,
  "pages": [
    {
      "type": "patchouli:text",
      "text": "在击败Minecraft的最终Boss并看到结局字幕后，游戏还没有结束，仍然有许多事情等待你去发现！Minecraft拥有无限的潜力！"
    },
    {
      "type": "patchouli:image",
      "images": [
        "lexicon:textures/pictures/end_gateway_portal.png",
        "lexicon:textures/pictures/end_highlands.png"
      ],
      "border": true,
      "text": "搜索新生成的末地折跃门并探索末地主岛的外围地区！"
    },
    {
      "type": "patchouli:text",
      "text": "$(li)收集稀有的末地物品$(br)$(li)在所有维度中探索你的世界$(br)$(li)获得所有进度$(br)$(li)击败其他Boss，如凋灵$(br)$(li)建造庞大的基地和结构$(br)$(li)安装和使用Mod$(br)$(li)还有更多！"
    }
  ]
}
