{
  "name": "末地之战",
  "icon": "minecraft:dragon_head",
  "category": "lexicon:end",
  "sortnum": 3,
  "pages": [
    {
      "type": "patchouli:text",
      "text": "当你进入$(l:world/dimensions#end)$(thing)末地$()时，尽快到达岛屿中心，如果你看到$(l:creatures/boss-ender_dragon)$(thing)末影龙$()向你俯冲，迅速躲开它。$(br2)在战斗之前，你需要摧毁所有位于$(item)黑曜石$()柱子上方的$(item)末地水晶$()，因为它们会为龙回血。$(br2)最好的方法是使用$(item)弓$()或$(item)连弩$()来摧毁它们。"
    },
    {
      "type": "patchouli:text",
      "text": "$(l)$(n)如何与末影龙战斗:$() $(br2)当龙在飞行时，你可以射击它。$(br2)当它盘旋在传送门上方时，它对$(item)箭$()的伤害免疫，你必须使用$(item)剑$()。$(br2)在这里，尽可能多地进行致命打击，造成更多伤害。"
    },
    {
      "type": "patchouli:entity",
      "entity": "minecraft:ender_dragon",
      "scale": "1.5",
      "offset": "-5",
      "text": "在战斗中收集$(l:rare/dragons_breath)$(item)龙息$()，可以使用$(item)玻璃瓶$()制作$(l:brewing/potion_types#lingering_potion)$(item)滞留药水$()非常有用。"
    },
    {
      "type": "patchouli:spotlight",
      "item": "minecraft:dragon_egg",
      "text": "当你击败$(l:creatures/boss-ender_dragon)$(thing)末影龙$()时，你将获得大量经验值、稀有且独特的$(l:rare/dragon_egg)$(item)龙蛋$()，一个返回$(l:world/dimensions#overworld)$(thing)主世界$()的传送门，以及通往外部末地岛屿的折跃门。"
    }
  ]
}
