{
  "name": "通往末地的旅程",
  "icon": "minecraft:end_portal_frame",
  "category": "lexicon:end",
  "sortnum": 2,
  "pages": [
    {
      "type": "patchouli:text",
      "text": "通往$(l:world/dimensions#end)$(thing)末地$()的第一件重要事情是获得$(item)末影之眼$()。$(br2)你可以用从$(l:creatures/monster-enderman)$(thing)末影人$()身上获得的$(item)末影珍珠$()和从$(l:world/dimensions#nether)$(thing)下界$()中的交易中获得的$(item)烈焰粉$()合成它们。$(br2)你也可以从$(l:world/dimensions#nether)$(thing)下界$()的$(l:creatures/monster-blaze)$(thing)烈焰人$()处获得$(item)烈焰粉$()。"
    },
    {
      "type": "patchouli:crafting",
      "recipe": "minecraft:blaze_powder",
      "recipe2": "minecraft:ender_eye",
      "text": "你需要大约20个末影之眼"
    },
    {
      "type": "patchouli:text",
      "text": "下一步是寻找一个$(l:world/structures#stronghold)$(thing)要塞$()。$(br2)你可以抛出$(item)末影之眼$()，它们会直飞向$(l:world/structures#stronghold)$(thing)要塞$()的方向。$(br)如果它们停下并在半空中爆炸，那就意味着要塞在下方。"
    },
    {
      "type": "patchouli:image",
      "images": [
        "lexicon:textures/pictures/end_portal_raw.png"
      ],
      "border": true,
      "text": "找到$(thing)末地传送门$()，用$(item)末影之眼$()填充空的方块框架。"
    },
    {
      "type": "patchouli:text",
      "text": "在通过传送门之前，请确保携带了一切必要的物品，一旦通过传送门，除非你击败了$(l:creatures/boss-ender_dragon)$(thing)末影龙$()(Minecraft的最终Boss)或死亡，否则你无法返回。"
    }
  ]
}
