{
  "name": "准备工作",
  "icon": "minecraft:bundle",
  "category": "lexicon:end",
  "sortnum": 1,
  "pages": [
    {
      "type": "patchouli:text",
      "text": "在Minecraft中到达$(l:world/dimensions#end)$(thing)末地$()并不是一件简单的事情。$(br2)与到达$(l:world/dimensions#nether)$(thing)下界$()不同，你不能在任何你想要的地方建立一个传送门，然后在从杂货店回来的路上跳到末地。（奇妙的比喻）$(br)这需要一个完整的过程，还需要一点运气，你才能有机会见到$(l:creatures/boss-ender_dragon)$(thing)末影龙$()。$(br2)如果你成功了，你还将获得进入一个充满新内容的全新维度的机会！"
    },
    {
      "type": "patchouli:text",
      "text": "要想踏上这个旅程，你应该做好准备：$(br)$(li)一套完整的$(item)钻石$()或$(item)下届合金装备$() $(li)你选择的武器 $(li)一把$(item)弓$()或$(item)连弩$() $(li)$(item)末影之眼$()，我建议带上大约20个 $(li)$(item)末影珍珠$()或一个$(item)水桶$()以避免坠落伤害 $(li)治疗物品，如$(l:brewing/potion_types)$(item)药水$() $(li)足够的$(item)箭$()、$(item)食物$()、$(item)木材$()、像$(item)圆石$()这样的建筑方块和修复材料（盖饭君注：老手也可以试试不带床认真打一次龙）"
    }
  ]
}
