{
  "name": "融合",
  "icon": "minecraft:anvil",
  "category": "lexicon:enchanting",
  "sortnum": 4,
  "pages": [
    {
      "type": "patchouli:text",
      "text": "使用$(l:useables/anvil)$(item)铁砧$()可以将两个物品的附魔合并在一起，其中一个物品会被消耗并修复另一个物品。 $(br2)这些物品必须是兼容的，它们可以是相同类型和材质的物品（例如两个$(item)铁剑$()），或者是一个物品和一个具有适用附魔的$(item)附魔书$()（例如一个$(item)弓$()和一个带有$(item)无限附魔书$()）。"
    },
    {
      "type": "patchouli:spotlight",
      "item": "minecraft:anvil",
      "text": "将两个附魔物品、$(item)附魔书$()或者一个附魔物品和一个相同等级的附魔物品合并，会生成下一个更高等级的附魔物品或附魔书，直到达到最大等级。 $(br2)要合并物品，$(l:creatures/human-player)$(thing)玩家$()需要将目标物品放入$(l:useables/anvil)$(item)铁砧$()的第一个槽中，将牺牲物品放入第二个槽中。"
    },
    {
      "type": "patchouli:crafting",
      "recipe": "minecraft:anvil"
    }
  ]
}