{
  "name": "诅咒",
  "icon": "minecraft:enchanted_book",
  "category": "lexicon:enchanting",
  "sortnum": 5,
  "pages": [
    {
      "type": "patchouli:text",
      "text": "以下页面描述了游戏中的所有诅咒附魔。 $(br2)$(n)主要物品:$() 在生存模式下可以通过使用$(l:useables/enchanting_table)$(item)附魔台$()合法地为这些物品附魔。 $(br2)$(n)次要物品:$() 在生存模式下，这些物品无法通过$(l:useables/enchanting_table)$(item)附魔台$()获得附魔，但可以通过带有$(l:useables/anvil)$(item)铁砧$()的$(item)附魔书$()获得。"
    },
    {
      "type": "patchouli:text",
      "title": "绑定诅咒",
      "text": "$(n)效果:$() $(br)物品无法从盔甲槽中移除。  $(br2)$(n)主要物品:$() /  $(br2)$(n)次要物品:$() 装备 $(br2)$(n)最高等级:$() I "
    },
    {
      "type": "patchouli:text",
      "title": "消失诅咒",
      "text": "$(n)效果:$() $(br)物品在死亡时消失。  $(br2)$(n)主要物品:$() /  $(br2)$(n)次要物品:$() 所有物品 $(br2)$(n)最高等级:$() I "
    }
  ]
}