{
  "name": "祛除附魔",
  "icon": "minecraft:grindstone",
  "category": "lexicon:enchanting",
  "sortnum": 2,
  "pages": [
    {
      "type": "patchouli:spotlight",
      "item": "minecraft:grindstone",
      "text": "祛除附魔的唯一方法是使用$(l:useables/grindstone)$(item)砂轮$()或通过合成栏修复物品。 $(br2)使用$(l:useables/grindstone)$(item)砂轮$()会移除所有附魔（除了诅咒），并根据附魔的等级和价值返还经验值。"
    },
    {
      "type": "patchouli:image",
      "images": [
        "lexicon:textures/pictures/disenchanting.png"
      ],
      "border": false
    },
    {
      "type": "patchouli:crafting",
      "recipe": "minecraft:grindstone"
    }
  ]
}