{
  "name": "附魔台",
  "icon": "minecraft:enchanting_table",
  "category": "lexicon:enchanting",
  "sortnum": 1,
  "pages": [
    {
      "type": "patchouli:text",
      "text": "$(n)有几种方法可以对物品进行附魔:$() $(li)通过使用$(l:useables/enchanting_table)$(item)附魔台$()，以经验值和$(item)青金石$()为代价进行附魔。只有未附魔的物品可以通过这种方式附魔。 $(li)通过使用$(l:useables/anvil)$(item)铁砧$()，将$(item)附魔书$()与物品合并。 $(li)通过使用$(l:useables/anvil)$(item)铁砧$()，将两个具有不同附魔的相同物品合并为一个物品，该物品具有两者的附魔。 $(li)通过$(l:creatures/human-villager#librarian)$(thing)村民$()的图书管理员，可以用绿宝石代替$(item)Lapis Lazuli$()和经验来附魔$(item)书$()。"
    },
    {
      "type": "patchouli:spotlight",
      "item": "minecraft:enchanting_table",
      "text": "使用$(l:useables/enchanting_table)$(item)附魔台$()，将物品放入输入槽中，并在专用槽中放入1-3个$(item)青金石$()，即可对物品进行附魔。在放置物品后，右侧会出现三个随机的附魔选项。"
    },
    {
      "type": "patchouli:text",
      "title": "提升等级",
      "text": "为了提升附魔等级，可以在$(l:useables/enchanting_table)$(item)附魔台$()旁边放置$(item)书架$()，并保持它们之间有一个空气方块的距离。 $(br2)只有等级要求等于或低于玩家当前等级并且$(item)Lapis Lazuli$()要求等于或低于放置在附魔台上的青金石数量的选项可用。"
    },
    {
      "type": "patchouli:image",
      "images": [
        "lexicon:textures/pictures/enchanting_table.png",
        "lexicon:textures/pictures/enchanting.png"
      ],
      "border": true
    },
    {
      "type": "patchouli:crafting",
      "recipe": "minecraft:enchanting_table"
    },
    {
      "type": "patchouli:crafting",
      "recipe": "minecraft:book",
      "recipe2": "minecraft:bookshelf"
    }
  ]
}