{
  "name": "附魔",
  "icon": "minecraft:enchanted_book",
  "category": "lexicon:enchanting",
  "sortnum": 4,
  "pages": [
    {
      "type": "patchouli:text",
      "text": "以下页面描述了游戏中的所有附魔效果。$(br2)$(n)主要物品：$()可以通过使用$(l:useables/enchanting_table)$(item)附魔台$()在生存模式下合法地为物品附魔的物品。$(br2)$(n)次要物品：$()在生存模式下无法通过$(l:useables/enchanting_table)$(item)附魔台$()为物品附魔，但可以通过带有$(item)附魔书$()和$(l:useables/anvil)$(item)铁砧$()的方式进行附魔。"
    },
    {
      "type": "patchouli:text",
      "title": "水下速掘",
      "text": "$(n)效果：$()$(br)增加在水下的挖掘速度。$(br2)$(n)不兼容的附魔：$()/$(br2)$(n)主要物品：$()头盔$(br2)$(n)次要物品：$()/$(br2)$(n)最高等级：$()I"
    },
    {
      "type": "patchouli:text",
      "title": "节肢杀手",
      "text": "$(n)效果：$()$(br)增加对节肢生物的伤害并施加$(thing)缓慢 IV$()效果。$(br2)$(n)不兼容的附魔：$()亡灵杀手、锋利$(br2)$(n)主要物品：$()剑$(br2)$(n)次要物品：$()斧$(br2)$(n)最高等级：$()V"
    },
    {
      "type": "patchouli:text",
      "title": "爆炸保护",
      "text": "$(n)效果：$()$(br)减少爆炸伤害和击退效果。$(br2)$(n)不兼容的附魔：$()$(br)火焰保护、保护、弹射物保护$(br2)$(n)主要物品：$()盔甲$(br2)$(n)次要物品：$()/$(br2)$(n)最高等级：$()IV"
    },
    {
      "type": "patchouli:text",
      "title": "引雷",
      "anchor": "channeling",
      "text": "$(n)效果：$()$(br)在雷暴期间，三叉戟可以召唤闪电打击敌人。$(br2)$(n)不兼容的附魔：$()激流$(br2)$(n)主要物品：$()三叉戟$(br2)$(n)次要物品：$()/$(br2)$(n)最高等级：$()I"
    },
    {
      "type": "patchouli:text",
      "title": "深海探索者",
      "text": "$(n)效果：$()$(br)增加在水下的移动速度。$(br2)$(n)不兼容的附魔：$()冰霜行者$(br2)$(n)主要物品：$()靴子$(br2)$(n)次要物品：$()/$(br2)$(n)最高等级：$()III"
    },
    {
      "type": "patchouli:text",
      "title": "效率",
      "text": "$(n)效果：$()$(br)增加工具的使用速度，并增加斧头禁用盾牌的几率。$(br2)$(n)不兼容的附魔：$()/$(br2)$(n)主要物品：$()所有通用工具$(br2)$(n)次要物品：$()剪刀$(br2)$(n)最高等级：$()V"
    },
    {
      "type": "patchouli:text",
      "title": "摔落保护",
      "anchor": "feather falling",
      "text": "$(n)效果：$()$(br)减少坠落伤害。$(br2)$(n)不兼容的附魔：$()/$(br2)$(n)主要物品：$()靴子$(br2)$(n)次要物品：$()/$(br2)$(n)最高等级：$()IV"
    },
    {
      "type": "patchouli:text",
      "title": "火焰附加",
      "text": "$(n)效果：$()$(br)使目标着火。$(br2)$(n)不兼容的附魔：$()/$(br2)$(n)主要物品：$()剑$(br2)$(n)次要物品：$()/$(br2)$(n)最高等级：$()II"
    },
    {
      "type": "patchouli:text",
      "title": "火焰保护",
      "text": "$(n)效果：$()$(br)减少火焰伤害和燃烧时间。与其他保护附魔互斥。$(br2)$(n)不兼容的附魔：$()爆炸保护、保护、弹射物保护$(br2)$(n)主要物品：$()盔甲$(br2)$(n)次要物品：$()/$(br2)$(n)最高等级：$()IV"
    },
    {
      "type": "patchouli:text",
      "title": "火矢",
      "text": "$(n)效果：$()$(br)射出的箭矢会点燃目标并对其造成火焰伤害。$(br2)$(n)不兼容的附魔：$()/$(br2)$(n)主要物品：$()弓$(br2)$(n)次要物品：$()/$(br2)$(n)最高等级：$()I"
    },
    {
      "type": "patchouli:text",
      "title": "时运",
      "text": "$(n)效果：$()$(br)增加方块掉落的数量。$(br2)$(n)不兼容的附魔：$()精准采集$(br2)$(n)主要物品：$()所有通用工具$(br2)$(n)次要物品：$()/$(br2)$(n)最高等级：$()III"
    },
    {
      "type": "patchouli:text",
      "title": "冰霜行者",
      "anchor": "frost_walker",
      "text": "$(n)效果：$()$(br)使玩家能够在水上行走，冻结脚下的水。$(br2)$(n)不兼容的附魔：$()深海行者$(br2)$(n)主要物品：$()靴子$(br2)$(n)次要物品：$()/$(br2)$(n)最高等级：$()II"
    },
    {
      "type": "patchouli:text",
      "title": "穿刺",
      "text": "$(n)效果：$()$(br)增加对水生生物的伤害。$(br2)$(n)不兼容的附魔：$()/$(br2)$(n)主要物品：$()三叉戟$(br2)$(n)次要物品：$()/$(br2)$(n)最高等级：$()V"
    },
    {
      "type": "patchouli:text",
      "title": "无限",
      "text": "$(n)效果：$()$(br)无限使用箭矢。$(br2)$(n)不兼容的附魔：$()修补$(br2)$(n)主要物品：$()弓$(br2)$(n)次要物品：$()/$(br2)$(n)最高等级：$()I"
    },
    {
      "type": "patchouli:text",
      "title": "击退",
      "anchor": "knockback",
      "text": "$(n)效果：$()$(br)增加击退效果。$(br2)$(n)不兼容的附魔：$()/$(br2)$(n)主要物品：$()剑$(br2)$(n)次要物品：$()/$(br2)$(n)最高等级：$()II"
    },
    {
      "type": "patchouli:text",
      "title": "抢夺",
      "anchor": "looting",
      "text": "$(n)效果：$()$(br)增加怪物掉落物品的几率。$(br2)$(n)不兼容的附魔：$()/$(br2)$(n)主要物品：$()剑$(br2)$(n)次要物品：$()/$(br2)$(n)最高等级：$()III"
    },
    {
      "type": "patchouli:text",
      "title": "忠诚",
      "text": "$(n)效果：$()$(br)使三叉戟投掷后返回。$(br2)$(n)不兼容的附魔：$()激流$(br2)$(n)主要物品：$()三叉戟$(br2)$(n)次要物品：$()/$(br2)$(n)最高等级：$()III"
    },
    {
      "type": "patchouli:text",
      "title": "海之眷顾",
      "text": "$(n)效果：$()$(br)增加好的渔获物的几率。$(br2)$(n)不兼容的附魔：$()/$(br2)$(n)主要物品：$()鱼竿$(br2)$(n)次要物品：$()/$(br2)$(n)最高等级：$()III"
    },
    {
      "type": "patchouli:text",
      "title": "钓饵",
      "text": "$(n)效果：$()$(br)减少咬钩时间。$(br2)$(n)不兼容的附魔：$()/$(br2)$(n)主要物品：$()鱼竿$(br2)$(n)次要物品：$()/$(br2)$(n)最高等级：$()III"
    },
    {
      "type": "patchouli:text",
      "title": "经验修补",
      "text": "$(n)效果：$()$(br)使用经验修复物品。$(br2)$(n)不兼容的附魔：$()无限$(br2)$(n)主要物品：$()/$(br2)$(n)次要物品：$()$(br)所有可使用的耐久工具$(br2)$(n)最高等级：$()I"
    },
    {
      "type": "patchouli:text",
      "title": "多重射击",
      "text": "$(n)效果：$()$(br)同时射出3支箭矢。$(br2)$(n)不兼容的附魔：$()穿透$(br2)$(n)主要物品：$()弩$(br2)$(n)次要物品：$()/$(br2)$(n)最高等级：$()I"
    },
    {
      "type": "patchouli:text",
      "title": "穿透",
      "text": "$(n)效果：$()$(br)箭矢穿透实体，可以穿透一堆生物。$(br2)$(n)不兼容的附魔：$()多重射击$(br2)$(n)主要物品：$()弩$(br2)$(n)次要物品：$()/$(br2)$(n)最高等级：$()IV"
    },    
    {
      "type": "patchouli:text",
      "title": "力量",
      "text": "$(n)效果：$()$(br)增加箭矢的伤害。$(br2)$(n)不兼容的附魔：$()/$(br2)$(n)主要物品：$()弓$(br2)$(n)次要物品：$()/$(br2)$(n)最高等级：$()V"
    },
    {
      "type": "patchouli:text",
      "title": "弹射保护",
      "text": "$(n)效果：$()$(br)减少来自抛射物的伤害。$(br2)$(n)不兼容的附魔：$()保护、爆炸保护、火焰保护$(br2)$(n)主要物品：$()盔甲$(br2)$(n)次要物品：$()/$(br2)$(n)最高等级：$()IV"
    },
    {
      "type": "patchouli:text",
      "title": "保护",
      "text": "$(n)效果：$()$(br)减少一般伤害。$(br2)$(n)不兼容的附魔：$()爆炸保护、火焰保护、抛射物保护$(br2)$(n)主要物品：$()盔甲$(br2)$(n)次要物品：$()/$(br2)$(n)最高等级：$()IV"
    },
    {
      "type": "patchouli:text",
      "title": "冲击",
      "text": "$(n)效果：$()$(br)增加箭矢的击退效果。$(br2)$(n)不兼容的附魔：$()/$(br2)$(n)主要物品：$()弓$(br2)$(n)次要物品：$()/$(br2)$(n)最高等级：$()II"
    },
    {
      "type": "patchouli:text",
      "title": "快速装填",
      "text": "$(n)效果：$()$(br)减少弩的装填时间。$(br2)$(n)不兼容的附魔：$()/$(br2)$(n)主要物品：$()弩$(br2)$(n)次要物品：$()/$(br2)$(n)最高等级：$()III"
    },
    {
      "type": "patchouli:text",
      "title": "水下呼吸",
      "text": "$(n)效果：$()$(br)延长水下呼吸时间。$(br2)$(n)不兼容的附魔：$()/$(br2)$(n)主要物品：$()头盔$(br2)$(n)次要物品：$()/$(br2)$(n)最高等级：$()II"
    },
    {
      "type": "patchouli:text",
      "title": "激流",
      "text": "$(n)效果：$()$(br)在水中或雨天投掷三叉戟时，将玩家连同三叉戟一起发射。$(br2)$(n)不兼容的附魔：$()引雷、忠诚$(br2)$(n)主要物品：$()三叉戟$(br2)$(n)次要物品：$()/$(br2)$(n)最高等级：$()III"
    },
    {
      "type": "patchouli:text",
      "title": "锋利",
      "text": "$(n)效果：$()$(br)增加近战伤害。$(br2)$(n)不兼容的附魔：$()$(br)节肢杀手、亡灵杀手$(br2)$(n)主要物品：$()剑$(br2)$(n)次要物品：$()斧子$(br2)$(n)最高等级：$()V"
    },
    {
      "type": "patchouli:text",
      "title": "精准采集",
      "anchor": "silk_touch",
      "text": "$(n)效果：$()$(br)挖掘的方块掉落自身（例：玻璃不再破碎）。$(br2)$(n)不兼容的附魔：$()时运$(br2)$(n)主要物品：$()所有通用工具$(br2)$(n)次要物品：$()/$(br2)$(n)最高等级：$()I"
    },
    {
      "type": "patchouli:text",
      "title": "亡灵杀手",
      "text": "$(n)效果：$()$(br)增加对亡灵生物的伤害。$(br2)$(n)不兼容的附魔：$()$(br)节肢杀手、锋利$(br2)$(n)主要物品：$()剑$(br2)$(n)次要物品：$()斧子$(br2)$(n)最高等级：$()V"
    },
    {
      "type": "patchouli:text",
      "title": "灵魂疾行",
      "text": "$(n)效果：$()$(br)在灵魂土上增加移动速度。$(br2)$(n)不兼容的附魔：$()/$(br2)$(n)主要物品：$()靴子$(br2)$(n)次要物品：$()/$(br2)$(n)最高等级：$()III"
    },
    {
      "type": "patchouli:text",
      "title": "横扫之刃",
      "text": "$(n)效果：$()$(br)增加扫击攻击的伤害。$(br2)$(n)不兼容的附魔：$()/$(br2)$(n)主要物品：$()剑$(br2)$(n)次要物品：$()/$(br2)$(n)最高等级：$()III"
    },
    {
      "type": "patchouli:text",
      "title": "荆棘",
      "text": "$(n)效果：$()$(br)受到伤害会使攻击者也受到伤害。$(br2)$(n)不兼容的附魔：$()/$(br2)$(n)主要物品：$()胸甲$(br2)$(n)次要物品：$()盔甲$(br2)$(n)最高等级：$()"
    },
    {
      "type": "patchouli:text",
      "title": "耐久",
      "text": "$(n)效果：$()$(br)减少耐久度损耗。$(br2)$(n)不兼容的附魔：$()/$(br2)$(n)主要物品：$()$(br)所有通用工具、武器、盔甲$(br2)$(n)次要物品：$()所有其他带耐久度的物品$(br2)$(n)最高等级：$()III"
    },
    {
      "type": "patchouli:text",
      "title": "迅捷潜行",
      "text": "$(n)效果：$()$(br)在潜行时增加移动速度。$(br2)$(n)不兼容的附魔：$()/$(br2)$(n)主要物品：$()/$(br2)$(n)次要物品：$()裤子$(br2)$(n)最高等级：$()III"
    },
    {
      "type": "patchouli:text",
      "title": "连锁采集",
      "text": "$(n)效果：$()$(br)采集某个方块时会同时采集周围同类方块。$(br2)$(n)主要物品：各种工具$(br2)$(n)最高等级：$()I$(br2)$(n)注意，此附魔由盖饭君为整合包额外添加，而并非是原版具有的。"
    },
    {
      "type": "patchouli:text",
      "title": "裤袋扩展",
      "text": "$(n)效果：$()$(br)增加玩家库存容量。$(br2)$(n)用于盔甲：护腿$(br2)$(n)最高等级：$()III$(br2)$(n)注意，此附魔由盖饭君为整合包额外添加，而并非是原版具有的。"
    }

  ]
}