{
  "name": "猪灵交易",
  "icon": "minecraft:gold_ingot",
  "category": "lexicon:trading",
  "sortnum": 3,
  "pages": [
    {
      "type": "patchouli:text",
      "text": "要与$(l:creatures/monster-piglin)$(thing)猪灵$()进行交易，可以通过在成年$(l:creatures/monster-piglin)$(thing)猪灵$()附近扔掉$(item)金锭$()或将其使用在猪灵身上。当$(l:creatures/monster-piglin)$(thing)猪灵$()拿起金锭并检查它6秒后，它会向$(l:creatures/human-player)$(thing)玩家$()扔出一个随机物品。$(br2)$(l:creatures/monster-piglin_brute)$(thing)猪灵蛮兵$()不理会金锭。$(br)$(l:creatures/monster-piglin)$(thing)幼年猪灵$()拿走金锭，但不会给予任何物品，而是保留金锭。"
    },
    {
      "type": "patchouli:image",
      "images": [
        "lexicon:textures/pictures/bartering.png"
      ],
      "border": false
    },
    {
      "type": "patchouli:entity",
      "entity": "minecraft:piglin",
      "scale": "1.0"
    },
    {
      "type": "patchouli:entity",
      "entity": "minecraft:piglin_brute",
      "scale": "1.0"
    }
  ]
}
