{
  "name": "流浪商人",
  "icon": "minecraft:emerald",
  "category": "lexicon:trading",
  "sortnum": 2,
  "pages": [
    {
      "type": "patchouli:text",
      "text": "$(l:creatures/human-wandering_trader)$(thing)流浪商人$()有6个随机交易。在与其交易后，不会解锁新的交易。$(br)$(li)当$(l:creatures/human-player)$(thing)玩家$()多次购买相同物品后，流浪商人会锁定交易，但与$(l:creatures/human-villager)$(thing)村民$()不同，不会解锁交易。$(li)他们没有像$(l:creatures/human-villager)$(thing)村民$()那样的初级-高级交易系统。相反，$(l:creatures/human-player)$(thing)玩家$()可以在不需要解锁之前购买商人的任何物品。$(li)如果玩家攻击流浪商人，它不会增加或减少物品的价格..."
    },
    {
      "type": "patchouli:image",
      "images": [
        "lexicon:textures/pictures/trader_trading.png"
      ],
      "border": false
    },
    {
      "type": "patchouli:entity",
      "entity": "minecraft:wandering_trader",
      "scale": "1.0"
    },
    {
      "type": "patchouli:entity",
      "entity": "minecraft:trader_llama",
      "scale": "0.8"
    }
  ]
}
