{
  "name": "村民交易大厅",
  "icon": "minecraft:lectern",
  "category": "lexicon:trading",
  "sortnum": 4,
  "pages": [
    {
      "type": "patchouli:text",
      "text": "村民交易大厅可以最大限度的增加$(l:creatures/human-villager)$(thing)村民$()的数量。您可以轻松更改$(l:creatures/human-villager)$(thing)村民$()的工作，进而更改与他们的交易，只需使用工作站方块即可。."
    },
    {
      "type": "patchouli:image",
      "images": [
        "lexicon:textures/pictures/trading_hall_1.png",
        "lexicon:textures/pictures/trading_hall_2.png",
        "lexicon:textures/pictures/trading_hall_3.png",
        "lexicon:textures/pictures/trading_hall_4.png"
      ],
      "border": true
    },
    {
      "type": "patchouli:multiblock",
      "multiblock": {
        "pattern": [
          [
            "    ",
            "Io==",
            "W I ",
            "W W ",
            "W W ",
            "W W ",
            "W W ",
            "W W ",
            "W W ",
            "W W ",
            "W W ",
            "W W ",
            "W W ",
            "W W ",
            "W W ",
            "W W ",
            "W W ",
            "W W ",
            "W W ",
            "W W ",
            "W W ",
            "W W ",
            "W W ",
            "W W ",
            "iwj "
          ],
          [
            " L  ",
            " xxx",
            " x  ",
            " sPR",
            " s  ",
            " sPR",
            " s  ",
            " sPR",
            " s  ",
            " sPR",
            " s  ",
            " sPR",
            " s  ",
            " sPR",
            " s  ",
            " sPR",
            " s  ",
            " sPR",
            " s  ",
            " sPR",
            " s  ",
            " sPR",
            " s  ",
            " sPR",
            " x  "
          ],
          [
            "    ",
            "    ",
            " x  ",
            " -Ox",
            " _x ",
            " -Ox",
            " _x ",
            " -Ox",
            " _x ",
            " -Ox",
            " _x ",
            " -Ox",
            "0_x ",
            " -Ox",
            " _x ",
            " -Ox",
            " _x ",
            " -Ox",
            " _x ",
            " -Ox",
            " _x ",
            " -Ox",
            " _x ",
            " -Ox",
            " x  "
          ],
          [
            "    ",
            "    ",
            "Fx  ",
            "´ x ",
            " xx ",
            "ß x ",
            " xx ",
            "9 x ",
            " xx ",
            "8 x ",
            "Fxx ",
            "7 x ",
            " xx ",
            "6 x ",
            " xx ",
            "5 x ",
            "Fxx ",
            "4 x ",
            " xx ",
            "3 x ",
            " xx ",
            "2 x ",
            " xx ",
            "1 x ",
            "Fx  "
          ],
          [
            "    ",
            "    ",
            "xx  ",
            "xx  ",
            "xx  ",
            "xx  ",
            "xx  ",
            "xx  ",
            "xx  ",
            "xx  ",
            "xx  ",
            "xx  ",
            "xx  ",
            "xx  ",
            "xx  ",
            "xx  ",
            "xx  ",
            "xx  ",
            "xx  ",
            "xx  ",
            "xx  ",
            "xx  ",
            "xx  ",
            "xx  ",
            "xx  "
          ]
        ],
        "mapping": {
          "x": "minecraft:stone_bricks",
          "_": "minecraft:smooth_stone_slab[type=bottom]",
          "F": "minecraft:wall_torch[facing=north]",
          "1": "minecraft:lectern[facing=north]",
          "2": "minecraft:loom[facing=north]",
          "3": "minecraft:stonecutter[facing=north]",
          "4": "minecraft:grindstone[facing=north,face=floor]",
          "5": "minecraft:smoker[facing=north]",
          "6": "minecraft:smithing_table",
          "7": "minecraft:cauldron",
          "8": "minecraft:brewing_stand",
          "9": "minecraft:fletching_table",
          "ß": "minecraft:composter",
          "´": "minecraft:barrel",
          "P": "minecraft:sticky_piston[facing=north]",
          "s": "minecraft:stone_brick_stairs[facing=south,half=top,shape=straight]",
          "O": "minecraft:observer[facing=north]",
          "R": "minecraft:redstone_wire[north=side,east=side,south=side,west=side]",
          "-": "minecraft:tripwire",
          "L": "minecraft:lever[facing=west,powered=true,face=wall]",
          "=": "minecraft:rail[shape=north_south]",
          "o": "minecraft:activator_rail[shape=north_south,powered=true]",
          "W": "minecraft:cobblestone_wall[east=low,north=none,south=none,west=low,up=false]",
          "w": "minecraft:cobblestone_wall[east=none,north=low,south=low,west=none,up=false]",
          "I": "minecraft:cobblestone_wall[east=low,north=none,south=none,west=none,up=true]",
          "i": "minecraft:cobblestone_wall[east=none,north=none,south=low,west=low,up=true]",
          "j": "minecraft:cobblestone_wall[east=none,north=low,south=none,west=low,up=true]"
        }
      },
      "name": "交易大厅",
      "text": "$(n)提示：$(br)将$(item)细线$(item)放置在$(item)细线弦$(item)的最后，以确保$(item)活塞$(item)正常运作。"
    },
    {
      "type": "patchouli:text",
      "text": "$(br)如果交易与$(l:creatures/human-villager)$(thing)村民$(thing)不匹配，您只需移除工作站方块，等待片刻后再放置一个新的工作站方块。$(br2)您还可以根据所需的职业自由选择工作站方块。"
    }
  ]
}