{
  "name": "村民交易",
  "icon": "minecraft:emerald",
  "category": "lexicon:trading",
  "sortnum": 1,
  "pages": [
    {
      "type": "patchouli:text",
      "text": "$(li)有5个职业等级可以通过交易提升。$(li)满的交易进度条会解锁下一个等级的交易。$(li)每个职业都有自己的交易内容。$(li)根据工作站方块的不同，每个$(l:creatures/human-villager)$(thing)村民$()会被分配到相应的职业。$(li)$(l:creatures/human-villager)$(thing)村民$()在进行几次交易后会禁用某个交易选项，但每天最多可以重新激活两次交易。$(li)每个村民最多可以进行10次交易，每个等级解锁2次交易。"
    },
    {
      "type": "patchouli:text",
      "title": "经济",
      "text": "$(li)当一个物品售罄后重新补货，价格会增加。如果玩家不购买价格较高的物品，下次补货时价格会降低。$(li)$(l:brewing/effects#village_hero)$(thing)村庄英雄效果$()会暂时降低受影响的$(l:creatures/human-player)$(thing)玩家$()的交易价格。$(li)所有价格波动只影响交易中涉及的第一个物品。$(li)通过治愈$(l:creatures/undead-zombie_villager)$(thing)僵尸村民$()可以获得正面声望。$(br2)要治愈$(l:creatures/undead-zombie_villager)$(thing)僵尸村民$()，需要向其投掷$(l:brewing/brewing)$(item)虚弱药水（喷溅型）$()，然后喂食$(l:rare/golden_apple)$(item)金苹果$()。"
    },
    {
      "type": "patchouli:image",
      "images": [
        "lexicon:textures/pictures/trading_price_changes.png"
      ],
      "text": "> 治愈村民的价格变化",
      "border": true
    },
    {
      "type": "patchouli:image",
      "images": [
        "lexicon:textures/pictures/trading_legend.png"
      ],
      "border": false
    },
    
    {
      "type": "patchouli:entity",
      "entity": "minecraft:villager{VillagerData:{profession:armorer}}",
      "scale": "1.0",
      "text": "$(n)工作站方块：$(l:useables/blast_furnace)$(item)高炉$()"
    },
    {
      "type": "patchouli:image",
      "images": [
        "lexicon:textures/pictures/armorer_trades.png"
      ],
      "border": false
    },
    
    {
      "type": "patchouli:entity",
      "entity": "minecraft:villager{VillagerData:{profession:butcher}}",
      "scale": "1.0",
      "text": "$(n)工作站方块：$(l:useables/smoker)$(item)烟熏炉$()"
    },
    {
      "type": "patchouli:image",
      "images": [
        "lexicon:textures/pictures/butcher_trades.png"
      ],
      "border": false
    },
    
    {
      "type": "patchouli:entity",
      "entity": "minecraft:villager{VillagerData:{profession:cartographer}}",
      "scale": "1.0",
      "text": "$(n)工作站方块：$(l:useables/cartography_table)$(item)制图台$()"
    },
    {
      "type": "patchouli:image",
      "images": [
        "lexicon:textures/pictures/cartographer_trades.png"
      ],
      "border": false
    },
    
    {
      "type": "patchouli:entity",
      "entity": "minecraft:villager{VillagerData:{profession:fisherman}}",
      "scale": "1.0",
      "text": "$(n)工作站方块：$(l:useables/barrel)$(item)木桶$()"
    },
    {
      "type": "patchouli:image",
      "images": [
        "lexicon:textures/pictures/fisherman_trades.png"
      ],
      "border": false
    },
    
    {
      "type": "patchouli:entity",
      "entity": "minecraft:villager{VillagerData:{profession:fletcher}}",
      "scale": "1.0",
      "text": "$(n)工作站方块：$(l:useables/fletching_table)$(item)制箭台$()"
    },
    {
      "type": "patchouli:image",
      "images": [
        "lexicon:textures/pictures/fletcher_trades.png"
      ],
      "border": false
    },
    
    {
      "type": "patchouli:entity",
      "entity": "minecraft:villager{VillagerData:{profession:leatherworker}}",
      "scale": "1.0",
      "text": "$(n)工作站方块：$(l:brewing/ingredients_equipments)$(item)炼药锅$()"
    },
    {
      "type": "patchouli:image",
      "images": [
        "lexicon:textures/pictures/leatherworker_trades.png"
      ],
      "border": false
    },

    {
      "type": "patchouli:entity",
      "entity": "minecraft:villager{VillagerData:{profession:librarian}}",
      "scale": "1.0",
      "text": "$(n)工作站方块：$(l:useables/lectern)$(item)讲台$()"
    },
    {
      "type": "patchouli:image",
      "images": [
        "lexicon:textures/pictures/librarian_trades.png"
      ],
      "border": false
    },
    
    {
      "type": "patchouli:entity",
      "entity": "minecraft:villager{VillagerData:{profession:mason}}",
      "scale": "1.0",
      "text": "$(n)工作站方块：$(l:useables/stonecutter)$(item)切石机$()"
    },
    {
      "type": "patchouli:image",
      "images": [
        "lexicon:textures/pictures/mason_trades.png"
      ],
      "border": false
    },
    
    {
      "type": "patchouli:entity",
      "entity": "minecraft:villager{VillagerData:{profession:shepherd}}",
      "scale": "1.0",
      "text": "$(n)工作站方块：$(l:useables/loom)$(item)织布机$()"
    },
    {
      "type": "patchouli:image",
      "images": [
        "lexicon:textures/pictures/shepherd_trades.png"
      ],
      "border": false
    },
    
    {
      "type": "patchouli:entity",
      "entity": "minecraft:villager{VillagerData:{profession:cleric}}",
      "scale": "1.0",
      "text": "$(n)工作站方块：$(l:useables/brewing_stand)$(item)酿造台$()"
    },
    {
      "type": "patchouli:image",
      "images": [
        "lexicon:textures/pictures/cleric_trades.png"
      ],
      "border": false
    },
    
    {
      "type": "patchouli:entity",
      "entity": "minecraft:villager{VillagerData:{profession:farmer}}",
      "scale": "1.0",
      "text": "$(n)工作站方块：$(l:useables/composter)$(item)堆肥器$()"
    },
    {
      "type": "patchouli:image",
      "images": [
        "lexicon:textures/pictures/farmer_trades.png"
      ],
      "border": false
    },
    
    {
      "type": "patchouli:entity",
      "entity": "minecraft:villager{VillagerData:{profession:toolsmith}}",
      "scale": "1.0",
      "text": "$(n)工作站方块：$(l:useables/smithing_table)$(item)锻造台$()"
    },
    {
      "type": "patchouli:image",
      "images": [
        "lexicon:textures/pictures/toolsmith_trades.png"
      ],
      "border": false
    },
    
    {
      "type": "patchouli:entity",
      "entity": "minecraft:villager{VillagerData:{profession:weaponsmith}}",
      "scale": "1.0",
      "text": "$(n)工作站方块：$(l:useables/grindstone)$(item)磨石机$()"
    },
    {
      "type": "patchouli:image",
      "images": [
        "lexicon:textures/pictures/weaponsmith_trades.png"
      ],
      "border": false
    },
    
    {
      "type": "patchouli:entity",
      "entity": "minecraft:villager{VillagerData:{profession:nitwit}}",
      "scale": "1.0",
      "text": "$(n)工作站方块：-"
    },
    {
      "type": "patchouli:entity",
      "entity": "minecraft:villager",
      "scale": "1.0",
      "text": "没有工作站方块的村民"
    }
  ]
}