{
  "name": "自动西瓜/南瓜农场",
  "icon": "minecraft:melon_slice",
  "category": "lexicon:farming",
  "sortnum": 6,
  "pages": [
    {
      "type": "patchouli:text",
      "text": "这个农场可以自动收获$(item)西瓜$()或$(item)南瓜$()。"
    },
    {
      "type": "patchouli:image",
      "images": [
        "lexicon:textures/pictures/auto_melon_farm_1.png",
        "lexicon:textures/pictures/auto_melon_farm_2.png",
        "lexicon:textures/pictures/auto_melon_farm_3.png"
      ],
      "border": true,
      "text": "这个农场可以横向扩展。"
    }
  ]
}