{
  "name": "自动鸡农场",
  "icon": "minecraft:cooked_chicken",
  "category": "lexicon:farming",
  "sortnum": 8,
  "pages": [
    {
      "type": "patchouli:text",
      "text": "当农场装满时，它会自动提供$(item)熟鸡肉$()和$(item)羽毛$()。 $(br)$(li)$(item)金块$()必须是实心方块，以正确传导$(l:redstone/redstone_behavior)$(item)红石$()信号。"
    },
    {
      "type": "patchouli:image",
      "images": [
        "lexicon:textures/pictures/auto_chicken_farm_1.png",
        "lexicon:textures/pictures/auto_chicken_farm_2.png",
        "lexicon:textures/pictures/auto_chicken_farm_3.png",
        "lexicon:textures/pictures/auto_chicken_farm_4.png",
        "lexicon:textures/pictures/auto_chicken_farm_5.png"
      ],
      "border": true
    }
  ]
}