{
  "name": "竹子/甘蔗农场",
  "icon": "minecraft:bamboo",
  "category": "lexicon:farming",
  "sortnum": 5,
  "pages": [
    {
      "type": "patchouli:text",
      "text": "这个农场可以完全自动地收获$(item)竹子$()和$(item)甘蔗$()。 $(br2)当$(l:redstone/redstone_components#observer)$(item)侦测器$()察觉到有植物在它们前面长大时，下方的$(l:redstone/redstone_components#piston)$(item)活塞$()会摧毁植物，$(item)水$()会将掉落物运送到$(l:redstone/redstone_components#hopper)$(item)漏斗$()。"
    },
    {
      "type": "patchouli:image",
      "images": [
        "lexicon:textures/pictures/auto_bamboo_farm_1.png",
        "lexicon:textures/pictures/auto_bamboo_farm_2.png",
        "lexicon:textures/pictures/auto_bamboo_farm_3.png"
      ],
      "border": true
    },

    {
      "type": "patchouli:text",
      "title": "更大的自动竹子农场",
      "text": "在这里，使用$(item)漏斗矿车$()来收集物品，这更高效，通常在更大的农场中更有意义。"
    },
    {
      "type": "patchouli:image",
      "images": [
        "lexicon:textures/pictures/auto_double_bamboo_farm_1.png",
        "lexicon:textures/pictures/auto_double_bamboo_farm_2.png",
        "lexicon:textures/pictures/auto_double_bamboo_farm_3.png"
      ],
      "border": true
    }
  ]
}