{
  "name": "自动仙人掌农场",
  "icon": "minecraft:cactus",
  "category": "lexicon:farming",
  "sortnum": 4,
  "pages": [
    {
      "type": "patchouli:text",
      "text": "这个简单的农场利用了$(item)仙人掌$()接触其他方块时会破裂并掉落的特性。$(br2)然后使用$(item)水$()将掉落物传送到$(l:redstone/redstone_components#hopper)$(item)漏斗$()中。$(br2)$(item)漏斗$()再将物品传送到一个$(l:useables/chest)$(item)箱子$()中。"
    },
    {
      "type": "patchouli:image",
      "images": [
        "lexicon:textures/pictures/auto_cactus_farm_1.png",
        "lexicon:textures/pictures/auto_cactus_farm_2.png",
        "lexicon:textures/pictures/auto_cactus_farm_3.png"
      ],
      "border": true
    }
  ]
}