{
  "name": "经典食物农场",
  "icon": "minecraft:bread",
  "category": "lexicon:farming",
  "sortnum": 1,
  "pages": [
    {
      "type": "patchouli:text",
      "text": "$(n)大多数基于植物的农场的要求$(): $(li)用$(item)锄头$()将$(item)泥土$()转化为$(item)耕地$()。$(br)$(li)$(item)耕地$()需要距离最多4个方块的$(item)水源$()。$(br)$(li)需要光照。$(br)$(li)许多农场需要它们所在区块进行更新，以改变生长状态。这意味着附近必须有$(l:creatures/human-player)$(thing)玩家$()(在128个方块内)，或者你可以使用来自$(l:modifications/mods)$(thing)模组$()的$(item)区块加载器$()。"
    },
    {
      "type": "patchouli:image",
      "images": [
        "lexicon:textures/pictures/food_farm.png"
      ],
      "border": true,
      "text": "你应该始终从一个简单而经典的$(item)小麦$()或$(item)蔬菜$()农场开始。"
    }
  ]
}