{
  "name": "经典怪物农场",
  "icon": "minecraft:skeleton_skull",
  "category": "lexicon:farming",
  "sortnum": 2,
  "pages": [
    {
      "type": "patchouli:text",
      "text": "这个农场不专注于特定的怪物。它让它们生成，并将它们从$(item)水$()推入一个坑中，然后被$(item)岩浆块$()杀死。$(br)然后使用$(item)漏斗矿车$()将掉落物传送到一个$(l:useables/chest)$(item)箱子$()中。$(br2)$(n)需要注意的几点:$() $(li)生成区域必须很暗 $(li)将生成区域限制为2个方块高，以防止$(l:creatures/monster-enderman)$(thing)末影人$()生成 $(li)将水沟至少宽2-3个方块，以防止$(l:creatures/arthropod-spider)$(thing)蜘蛛$()堵塞水沟"
    },
    {
      "type": "patchouli:image",
      "images": [
        "lexicon:textures/pictures/classic_mob_farm_1.png",
        "lexicon:textures/pictures/classic_mob_farm_2.png",
        "lexicon:textures/pictures/classic_mob_farm_3.png",
        "lexicon:textures/pictures/classic_mob_farm_shape_1.png",
        "lexicon:textures/pictures/classic_mob_farm_shape_2.png"
      ],
      "border": true,
      "text": "这个农场可以无限向下扩展。"
    }

  ]
}