{
  "name": "实体拥挤农场",
  "icon": "minecraft:beef",
  "category": "lexicon:farming",
  "sortnum": 5,
  "pages": [
    {
      "type": "patchouli:text",
      "text": "有一些农场我会称之为一种有点作弊的“利用”游戏机制，这些机制实际上并不是为此而设计的。 $(br2)第一种变体是利用$(thing)实体拥挤$()在无处的地方杀死怪物。 $(br)$(li)实体拥挤是为了防止游戏卡顿而实施的，如果太多的实体聚集在一个地方，最老的实体将被杀死。 $(br)$(li)默认情况下，最大数量是$(thing)24$()。但可以使用以下命令进行更改：$(thing)/gamerule maxEntityCramming [number]"
    },
    {
      "type": "patchouli:image",
      "images": [
        "lexicon:textures/pictures/entity_cramming_farm_1.png",
        "lexicon:textures/pictures/entity_cramming_farm_2.png"
      ],
      "border": true
    }
  ]
}