{
  "name": "猪/牛/羊农场",
  "icon": "minecraft:cooked_porkchop",
  "category": "lexicon:farming",
  "sortnum": 7,
  "pages": [
    {
      "type": "patchouli:text",
      "text": "这里可以养殖$(l:creatures/animal-pig)$(thing)猪$()、$(l:creatures/animal-cow)$(thing)牛$()和$(l:creatures/animal-sheep)$(thing)羊$()。 $(br2)需要将一些成年动物关在上方的笼子里并进行配对，这样幼崽在长大后会掉下来并被烤熟。"
    },
    {
      "type": "patchouli:image",
      "images": [
        "lexicon:textures/pictures/semi_auto_pig_farm_1.png",
        "lexicon:textures/pictures/semi_auto_pig_farm_2.png",
        "lexicon:textures/pictures/semi_auto_pig_farm_3.png",
        "lexicon:textures/pictures/semi_auto_pig_farm_4.png"
      ],
      "border": true
    }
  ]
}