{
  "name": "飞行器农场",
  "icon": "minecraft:slime_block",
  "category": "lexicon:farming",
  "sortnum": 9,
  "pages": [
    {
      "type": "patchouli:text",
      "text": "如果有大片土地需要农作物种植，最好的方法是使用$(l:redstone/flying_machines)$(thing)飞行器$()。 $(br2)它们可以用于各种农场，例如$(item)竹子$()、$(item)甘蔗$()、$(item)仙人掌$()、$(item)海带$()等等。"
    },
    {
      "type": "patchouli:image",
      "images": [
        "lexicon:textures/pictures/flying_machine_bamboo_farm_1.png",
        "lexicon:textures/pictures/flying_machine_bamboo_farm_2.png",
        "lexicon:textures/pictures/flying_machine_bamboo_farm_3.png",
        "lexicon:textures/pictures/flying_machine_bamboo_farm_4.png"
      ],
      "border": true
    }
  ]
}