{
  "name": "自动岩浆/水农场",
  "icon": "minecraft:lava_bucket",
  "category": "lexicon:farming",
  "sortnum": 6,
  "pages": [
    {
      "type": "patchouli:text",
      "text": "这个简单的农场利用了$(item)滴水石$()将上方的液体向下排出的特性，从而可以通过$(item)炼药锅$()慢慢收集液体。 $(br2)这样做不会消耗液体。"
    },
    {
      "type": "patchouli:image",
      "images": [
        "lexicon:textures/pictures/lava_farm.png"
      ],
      "border": true
    }
  ]
}