{
  "name": "水流食物农场",
  "icon": "minecraft:wheat",
  "category": "lexicon:farming",
  "sortnum": 3,
  "pages": [
    {
      "type": "patchouli:text",
      "text": "这仍然是一个简单的$(n)半自动$()农场，适用于可以被$(item)水$()摧毁的作物（如$(item)小麦$()、$(item)土豆$()、$(item)胡萝卜$()等）。 $(br2)(玻璃用于说明结构) $(br)$(li)翻转$(l:redstone/redstone_components#lever)$(item)拉杆$()会使$(l:redstone/redstone_components#piston)$(item)活塞$()下降，让$(item)水$()流过田地，将掉落物冲入$(l:redstone/redstone_components#hopper)$(item)漏斗$()，最终进入$(l:useables/chest)$(item)箱子$()。"
    },
    {
      "type": "patchouli:image",
      "images": [
        "lexicon:textures/pictures/semi_auto_wheat_farm_1.png",
        "lexicon:textures/pictures/semi_auto_wheat_farm_2.png",
        "lexicon:textures/pictures/semi_auto_wheat_farm_3.png",
        "lexicon:textures/pictures/semi_auto_wheat_farm_4.png"
      ],
      "border": true,
      "text": "这个农场可以无限向下扩展。",
      "title": "半自动小麦农场"
    }
  ]
}