{
  "name": "羊毛农场",
  "icon": "minecraft:white_wool",
  "category": "lexicon:farming",
  "sortnum": 6,
  "pages": [
    {
      "type": "patchouli:text",
      "text": "这个农场通过使用$(l:redstone/redstone_components#observer)$(item)侦测器$()检测$(l:creatures/animal-sheep)$(thing)绵羊$()是否从吃$(item)草方块$()后长出新的$(item)羊毛$()，从而自动给$(l:creatures/animal-sheep)$(thing)绵羊$()剪毛。 $(br2)重要的是要保证还有额外的$(item)草方块$()让$(item)泥土$()重新生长。"
    },
    {
      "type": "patchouli:image",
      "images": [
        "lexicon:textures/pictures/wool_farm_1.png",
        "lexicon:textures/pictures/wool_farm_2.png"
      ],
      "border": true
    }
  ]
}