{
	"format": "grid",  
	"source": "./lava.png",
    "blocks": [ "lava", "flowing_lava", "lava_cauldron" ],
	"grid": [
		{
			"biomes": [ "the_end", "end_highlands", "end_midlands", "small_end_islands", "end_barrens", "nullscape:crystal_peaks", "nullscape:shadowlands", "nullscape:void_barrens", "nullscape:asteroid_belt", "nullscape:asteroid_fields", "nullscape:barren_heights", "nullscape:blackstone_barrens", "nullscape:chorus_grove", "nullscape:chorus_heights", "nullscape:crystal_crags", "nullscape:crystalline_void", "nullscape:desolate_end", "nullscape:draconic_boneyard", "nullscape:infested_highlands", "nullscape:midland_end", "nullscape:riftspace", "nullscape:shaterred_end", "nullscape:tar_bog", "nullscape:void", "nullscape:voltaic_wastes", "starmute:voltaic_heap", "betterend:chorus_forest", "betterend:dust_wastelands", "betterend:empty_end_cave", "betterend:painted_mountains", "fokastudio:chorus_jungle", "fokastudio:shattered_end", "far_end:ashfall_delta", "far_end:ender_waste", "far_end:the_nest", "far_end:void", "byg:ivis_fields", "byg:shattered_desert", "byg:pupur_peaks", "byg:shulkren_forest" ],
			"column": 247
	    },
	    {
			"biomes": [ "incendium:toxic_heap", "starmute:toxic_heap", "starmute:toxic_springs" ],
			"column": 253,
			"width": 3
	    },
		{
			"biomes": [ "incendium:weeping_valley", "betternether:nether_grasslands", "betternether:poor_nether_grasslands" ],
			"column": 248,
			"width": 4
		},
		{
			"biomes": [ "incendium:infernal_dunes", "starmute:infernal_dunes", "starmute:purified_dunes", "infernalexp:glowstone_canyon", "byg:embur_bog", "byg:glowstone_gardens", "byg:nightshade_forest" ],
			"column": 252
		},
	    {
			"biomes": [ "soul_sand_valley", "incendium:quartz_flats", "starmute:quartz_flats", "starmute:quartz_hills", "starmute:soul_sand_valley_dense", "betternether:soul_plain", "betternether:wart_forest", "betternether:wart_forest_edge", "betterend:umbrella_jungle", "fokastudio:glowshroom_valley", "fokastudio:snowy_warped_forest", "byg:warped_desert", "byg:quartz_desert", "byg:wailing_garth", "byg:bulbis_gardens" ],
			"column": 251
		},
		{
			"biomes": [ "incendium:ash_barrens", "betterend:amber_land", "betterend:lantern_woods", "betterend:sulphur_springs", "fokastudio:blazing_dunes", "biomesoplenty:erupting_inferno" ],
			"column": 249
		},
		{
			"biomes": [ "crimson_forest", "starmute:crimson_forest_s", "starmute:crimson_forest_z", "betternether:crimson_glowing_woods", "betternether:crimson_pinewood", "betternether:nether_mushroom_forest", "betternether:nether_mushroom_forest_edge", "betternether:old_fungiwoods", "betterend:dragon_graveyards", "far_end:flesh_tundra", "biomesoplenty:visceral_heap", "byg:crimson_garden", "byg:cryptic_wastes" ],
			"column": 250
		},
		{
			"biomes": [ "warped_forest", "incendium:inverted_forest", "starmute:warped_forest_d", "starmute:warped_plains", "starmute:nether_wart_valley", "betternether:old_warped_woods", "biomesoplenty:crystalline_chasm" ],
			"column": 248,
			"width": 2
		},
		{
			"biomes": [ "betternether:nether_jungle", "betternether:bone_reef", "betternether:sulfuric_bone_reef", "betternether:upside_down_forest", "betternether:upside_down_forest_cleared", "betterend:empty_smaragdant_cave", "betterend:jade_cave", "fokastudio:prismarine_forest", "far_end:warped_marsh", "byg:sythian_torrids", "byg:brimstone_caverns", "byg:imparius_grove" ],
			"column": 242
		},
		{
			"biomes": [ "betternether:nether_swampland", "betternether:nether_swampland_terraces", "betternether:old_swampland", "byg:weeping_mire", "byg:viscal_isles" ],
			"column": 249,
			"width": 2
		},
		{
			"biomes": [ "betterend:shadow_forest", "betterend:umbra_valley", "biomesoplenty:withered_abyss" ],
			"column": 246
		},
		{
			"biomes": [ "betterend:lush_smaragdant_cave", "betterend:lush_aurora_cave", "betterend:blossoming_spires", "betterend:dry_shrublands", "far_end:amethyst_forest", "byg:ethereal_islands" ],
			"column": 245
		},
		{
			"biomes": [ "betterend:neon_oasis", "betterend:megalake_grove", "betterend:megalake", "betterend:glowing_grasslands", "betterend:foggy_mushroomland", "betterend:ice_starfield", "fokastudio:frosted_hills", "fokastudio:sculk_growth", "byg:subzero_hypogeal" ],
			"column": 241
		},
		{
			"biomes": [ "betterend:crystal_mountains", "betterend:empty_aurora_cave", "fokastudio:the_hallow" ],
			"column": 234,
			"width": 7
		}
	]
}