{
  "name": "飞行机器",
  "icon": "minecraft:slime_block",
  "category": "lexicon:redstone",
  "sortnum": 4,
  "pages": [
    {
      "type": "patchouli:text",
      "text": "$(thing)飞行机器$()是一种可以将方块结构沿着一个或多个方向移动的机器，可以在空中或水中自由移动而无需支撑物。$(br2)它们还可以设计成用于携带$(l:creatures/human-player)$(thing)玩家$()和其他实体，这些实体可以乘坐$(thing)矿车$()或被$(item)蜂蜜方块$()带动。"
    },
    {
      "type": "patchouli:multiblock",
      "multiblock": {
        "pattern": [
          [
            " R 0R"
          ],
          [
            "PSXPS"
          ]
        ],
        "mapping": {
          "S": "minecraft:slime_block",
          "P": "minecraft:piston[facing=south]",
          "p": "minecraft:piston[facing=south]",
          "X": "minecraft:sticky_piston[facing=north]",
          "R": "minecraft:redstone_block"
        }
      },
      "name": "简单飞行机器",
      "text": "中央的$(l:redstone/redstone_components#piston)$(item)粘性活塞$()是需要被供电的起动器。"
    },
    {
      "type": "patchouli:multiblock",
      "multiblock": {
        "pattern": [
          [
            "0O",
            "O "
          ],
          [
            "PS",
            "Sp"
          ]
        ],
        "mapping": {
          "S": "minecraft:slime_block",
          "P": "minecraft:sticky_piston[facing=south]",
          "p": "minecraft:sticky_piston[facing=north]",
          "O": "minecraft:observer[facing=up]"
        }
      },
      "name": "双向飞行机器",
      "text": "每侧的$(l:redstone/redstone_components#observer)$(item)侦测器$()启动机器并控制飞行方向。"
    },
    {
      "type": "patchouli:multiblock",
      "multiblock": {
        "pattern": [
          [
            "TRW0"
          ],
          [
            " OXL"
          ]
        ],
        "mapping": {
          "T": "minecraft:iron_trapdoor[facing=north,half=bottom]",
          "W": "minecraft:redstone_wire[north=side,south=side]",
          "R": "minecraft:repeater[facing=south,delay=2]",
          "O": "minecraft:observer[facing=north]",
          "X": "minecraft:obsidian",
          "L": "minecraft:lever[face=wall,facing=south]"
        }
      },
      "name": "转辙器",
      "text": "用于停止$(thing)飞行机器$()或改变其飞行方向。"
    },
    {
      "type": "patchouli:multiblock",
      "multiblock": {
        "pattern": [
          [
            "  ",
            "  ",
            "  ",
            "  ",
            "  ",
            "  ",
            "  ",
            "  ",
            "  ",
            "0O",
            "O ",
            "  ",
            "  ",
            "  ",
            "  ",
            "  ",
            "  ",
            "  ",
            "  ",
            "  "
          ],
          [
            " S",
            " S",
            " S",
            " S",
            " S",
            " S",
            " S",
            " S",
            " S",
            "PS",
            "Sp",
            "S ",
            "S ",
            "S ",
            "S ",
            "S ",
            "S ",
            "S ",
            "S ",
            "S "
          ]
        ],
        "mapping": {
          "S": "minecraft:slime_block",
          "P": "minecraft:sticky_piston[facing=south]",
          "p": "minecraft:sticky_piston[facing=north]",
          "O": "minecraft:observer[facing=up]"
        }
      },
      "name": "飞行机器·割竹",
      "text": "这个机器可以用于例如$(item)竹子$()农场的收获"
    },
    {
      "type": "patchouli:image",
      "images": [
        "lexicon:textures/pictures/flying_machine_harvester.png",
        "lexicon:textures/pictures/flying_machine_bamboo_farm_1.png"
      ],
      "border": true
    }
  ]
}