{
  "name": "红石组件",
  "icon": "minecraft:redstone_torch",
  "category": "lexicon:redstone",
  "sortnum": 2,
  "pages": [
    {
      "type": "patchouli:text",
      "text": "$(n)不同的类别:$() $(br)$(li)$(n)电源组件$()向电路的其他部分提供电力 [例如 $(item)红石火把$()] $(br)$(li)$(n)传输组件$()将电力从电路的一部分传递到另一部分 [例如 $(item)红石粉$()] $(br)$(li)$(n)机制组件$()影响环境（如移动、照明等） [例如 $(item)活塞$()]"
    },
    {
      "type": "patchouli:spotlight",
      "item": "minecraft:redstone",
      "anchor": "redstone",
      "text": "$(item)红石粉$()是红石电路的核心。 $(br2)从$(item)红石矿石$()中挖掘出来，可以放置成红石线来传输信号，或制作成其他设备。"
    },
    {
      "type": "patchouli:spotlight",
      "item": "minecraft:redstone_torch",
      "anchor": "torch",
      "text": "$(item)红石火把$()可以用来给方块和传输组件（如$(item)红石粉$()）供电，激活机制组件（如$(l:redstone/redstone_components#piston)$(item)活塞$()），或像$(l:redstone/redstone_circuits)$(thing)非门$()那样反转红石信号。"
    },
    {
      "type": "patchouli:crafting",
      "recipe": "minecraft:redstone_torch",
      "title": " "
    },
    {
      "type": "patchouli:spotlight",
      "item": "minecraft:redstone_block",
      "text": "$(item)红石块$()作为一个永恒的红石电源，可以被$(l:redstone/redstone_components#piston)$(item)活塞$()推动。"
    },
    {
      "type": "patchouli:crafting",
      "recipe": "minecraft:redstone_block",
      "title": " "
    },
    {
      "type": "patchouli:spotlight",
      "item": "minecraft:repeater",
      "anchor": "repeater",
      "text": "$(item)中继器$()是用于红石电路的一个方块，用于将红石信号重复到完整强度、延迟信号、防止信号向后传播，或将信号锁定在一个状态。 $(br)$(li)只从后面传输信号到前面 $(br)$(li)它们可以重复红石信号，将其恢复到原始强度"
    },
    {
      "type": "patchouli:crafting",
      "recipe": "minecraft:repeater",
      "title": " ",
      "text": "$(li)$(item)中继器$()会延迟信号，延迟可以通过右键点击来改变 $(li)中继器可以被另一个已激活的$(item)中继器$()或$(item)比较器$()锁定。当被锁定时，中继器的输出不会改变。"
    },
    {
      "type": "patchouli:spotlight",
      "item": "minecraft:comparator",
      "anchor": "comparator",
      "text": "$(item)比较器$()用于维护、比较或减去信号强度，或测量某些方块状态（主要是容器的装满程度）。 $(br)背面有两个$(item)红石火把$()，前面有一个$(item)红石火把$()。 $(li)当输出大于零时，背面的火把会点亮。 $(li)前面的火把有两种状态，可以通过使用右键进行切换： $(br)> 向下并且未激活（表示比较器处于$(n)比较模式$()） $(br)> 向上并且激活（表示比较器处于$(n)减法模式$()）"
    },
    {
      "type": "patchouli:crafting",
      "recipe": "minecraft:comparator",
      "title": " ",
      "text": "$(li)可以从其后方和两侧接收信号强度输入。 $(br)$(li)侧面输入仅接受来自$(item)红石粉$()、$(item)红石块$()、$(item)中继器$()、其他$(item)比较器$()和$(item)侦测器$()的信号，在特定情况下。 $(br)前面是输出。"
    },
    {
      "type": "patchouli:spotlight",
      "item": "minecraft:stone_button",
      "text": "激活时，$(item)木质按钮$()保持激活状态15个红石刻（1.5秒，除非游戏卡顿），而$(item)石质按钮$()保持激活状态10个红石刻（1秒，除非有延迟）。 $(br2)当$(item)木质按钮$()被$(item)箭矢$()或$(item)三叉戟$()激活时，它会保持激活状态，直到抛射物消失或被拾起。"
    },
    {
      "type": "patchouli:crafting",
      "recipe": "minecraft:stone_button",
      "recipe2": "minecraft:oak_button",
      "title": " "
    },
    {
      "type": "patchouli:spotlight",
      "item": "minecraft:lever",
      "anchor": "lever",
      "text": "$(item)拉杆$()在激活时发出红石电力。"
    },
    {
      "type": "patchouli:crafting",
      "recipe": "minecraft:lever",
      "title": " "
    },
    {
      "type": "patchouli:spotlight",
      "item": "minecraft:stone_pressure_plate",
      "anchor": "pressure_plate",
      "title": "压力板",
      "text": "$(li)$(item)木质压力板$()可以检测所有实体，输出15级信号 $(br)$(li)$(item)石质压力板$()只能检测$(l:creatures/human-player)$(thing)玩家$()和$(l:creatures)$(thing)生物$()，输出15级信号 $(br)$(li)$(item)轻负重压力板$()可以检测所有实体，并且随着添加更多实体，输出的信号强度增加 $(br)$(li)$(item)重负重压力板$()可以测量10个实体的组合"
    },
    {
      "type": "patchouli:crafting",
      "recipe": "minecraft:stone_pressure_plate",
      "recipe2": "minecraft:heavy_weighted_pressure_plate",
      "title": " "
    },
    {
      "type": "patchouli:spotlight",
      "item": "minecraft:tripwire_hook",
      "anchor": "tripwire",
      "text": "$(item)绊线钩$()可以用于检测$(l:creatures)$(thing)生物$()、$(thing)物品$()和其他$(thing)实体$()。 $(br2)要使用它，您需要在墙上相对的位置上放置2个钩子，并用$(item)细线$()将它们连接起来，当实体触碰到线时，钩子会发出信号。"
    },
    {
      "type": "patchouli:crafting",
      "recipe": "minecraft:tripwire_hook",
      "title": " "
    },
    {
      "type": "patchouli:spotlight",
      "item": "minecraft:observer",
      "anchor": "observer",
      "text": "$(item)侦测器（观察者）$()会检测目标方块的状态变化，或方块的破坏或放置（即方块状态的变化）。 $(br2)这意味着可以检测到像$(item)作物$()的生长等变化，因为它们是方块状态的一部分。"
    },
    {
      "type": "patchouli:crafting",
      "recipe": "minecraft:observer",
      "title": " "
    },
    {
      "type": "patchouli:spotlight",
      "item": "minecraft:daylight_detector",
      "text": "$(item)阳光传感器$()是一个根据阳光输出红石信号的方块。 $(br2)可以通过$(thing)右键点击$()来反转阳光传感器。"
    },
    {
      "type": "patchouli:crafting",
      "recipe": "minecraft:daylight_detector",
      "title": " "
    },
    {
      "type": "patchouli:spotlight",
      "item": "minecraft:piston",
      "anchor": "piston",
      "text": "$(item)活塞$()可以在接收到红石脉冲时推动方块、$(l:creatures/human-player)$(thing)玩家$()和$(l:creatures)$(thing)生物$()。 $(br2)$(item)粘性活塞$()的功能与$(item)活塞$()相同，但在收回时还可以将其面上的方块拉回，而不像普通活塞那样将推动的方块保留在原位。"
    },
    {
      "type": "patchouli:crafting",
      "recipe": "minecraft:piston",
      "recipe2": "minecraft:sticky_piston",
      "title": " "
    },
    {
      "type": "patchouli:spotlight",
      "item": "minecraft:dispenser",
      "anchor": "dispenser",
      "text": "$(item)发射器$()是一个用作红石组件的方块，用于发射物品。 $(br2)大多数物品只是被抛出，但有一些物品的行为不同（例如$(item)盔甲$()可以装备在$(l:creatures/human-player)$(thing)玩家$()或$(l:creatures)$(thing)生物$()身上，抛射物被发射出去，$(item)桶$()或某些工具被使用，...）"
    },
    {
      "type": "patchouli:crafting",
      "recipe": "minecraft:dispenser",
      "title": " "
    },
    {
      "type": "patchouli:spotlight",
      "item": "minecraft:dropper",
      "anchor": "dropper",
      "text": "$(item)投掷器$()是一个可以用于投掷物品或将物品推入另一个容器的方块。"
    },
    {
      "type": "patchouli:crafting",
      "recipe": "minecraft:dropper",
      "title": " "
    },
    {
      "type": "patchouli:spotlight",
      "item": "minecraft:note_block",
      "anchor": "noteblock",
      "text": "$(item)音符盒$()是一个可以在使用或接收红石信号时发出声音的音乐方块。 $(br)$(li)声音类型取决于下方的方块 $(br) $(li)按下方块上的使用键会使音符音高升高一个半音。"
    },
    {
      "type": "patchouli:crafting",
      "recipe": "minecraft:note_block",
      "text": "$(li)$(item)音符盒$()必须在其上方直接有空气才能播放声音。",
      "title": " "
    },
    {
      "type": "patchouli:spotlight",
      "item": "minecraft:hopper",
      "anchor": "hopper",
      "text": "虽然$(item)漏斗$()不受红石信号的控制，但它具有三个功能： $(br)$(li)从上方将物品实体（世界中的自由飘浮物品）收集到其库存中 $(br)$(li)从上方的容器中将单个物品放入其库存 $(br)$(li)将其库存中的单个物品推入面对的容器"
    },
    {
      "type": "patchouli:crafting",
      "recipe": "minecraft:hopper",
      "title": " ",
      "text": "您可以在放置漏斗时通过瞄准其输出面来控制方向。 $(br2)要将$(item)漏斗$()直接放置在已有可交互方块的正面上，$(l:creatures/human-player)$(thing)玩家$()在放置$(item)漏斗$()时必须潜行。"
    },
    {
      "type": "patchouli:spotlight",
      "item": "minecraft:oak_door",
      "anchor": "door",
      "title": "门和栅栏门",
      "text": "$(item)门$()或$(item)栅栏门$()是可以手动打开或使用红石打开的方块。 $(br2)但$(item)铁门$()只能使用红石打开。"
    },
    {
      "type": "patchouli:crafting",
      "recipe": "minecraft:oak_door",
      "recipe2": "minecraft:iron_door",
      "title": " "
    },
    {
      "type": "patchouli:crafting",
      "recipe": "minecraft:spruce_trapdoor",
      "recipe2": "minecraft:iron_trapdoor",
      "title": " "
    },
    {
      "type": "patchouli:crafting",
      "recipe": "minecraft:birch_fence_gate",
      "recipe2": "minecraft:jungle_fence_gate",
      "title": " "
    },
    {
      "type": "patchouli:spotlight",
      "item": "minecraft:redstone_lamp",
      "anchor": "lamp",
      "text": "$(item)红石灯$()是一个方块，在接收到红石信号时会发出光。"
    },
    {
      "type": "patchouli:crafting",
      "recipe": "minecraft:redstone_lamp",
      "title": " "
    },
    {
      "type": "patchouli:spotlight",
      "item": "minecraft:trapped_chest",
      "text": "$(item)陷阱箱$()在物品存储方面与普通$(l:useables/chest)$(item)箱子$()相同，但在打开时会产生红石信号。 $(br2)可以通过闩锁周围的红色标记来区分它与普通$(l:useables/chest)$(item)箱子$()。"
    },
    {
      "type": "patchouli:crafting",
      "recipe": "minecraft:trapped_chest",
      "title": " "
    },
    {
      "type": "patchouli:spotlight",
      "item": "minecraft:target",
      "text": "$(item)靶子$()是一个方块，当被抛射物击中时会产生临时的红石充能。 它在红石电路中也具有实用性，可以重定向红石粉，使其成为一个有用的红石组件。"
    },
    {
      "type": "patchouli:crafting",
      "recipe": "minecraft:target",
      "title": " "
    },
    {
      "type": "patchouli:spotlight",
      "item": "minecraft:detector_rail",
      "text": "如果放置在$(item)检测铁轨$()上的$(item)矿车$()是带有$(item)容器$()或$(item)漏斗$()的矿车，那么紧邻的面向远离$(item)检测铁轨$()的$(item)比较器$()会输出与容器装满程度成比例的红石信号电平。"
    },
    {
      "type": "patchouli:crafting",
      "recipe": "minecraft:detector_rail",
      "title": " "
    },
    {
      "type": "patchouli:spotlight",
      "item": "minecraft:sculk_sensor",
      "text": "$(item)幽匿传感器$()是一个可以检测由动作和事件引起的震动并发出红石信号的方块。这些传感器还可以用于实现无线红石机制。"
    },
    {
      "type": "patchouli:text",
      "title": " ",
      "text": "$(item)幽匿传感器s$()会在$(thing)深暗之域$()生物群系和$(thing)古代城市$()中生成。"
    },
    {
      "type": "patchouli:spotlight",
      "item": "minecraft:calibrated_sculk_sensor",
      "text": "与其类似，$(item)校准的幽匿传感器$()可以检测到两倍范围内的震动，并且可以更快地检测到多个连续的震动。它在除了输入端口以外的所有面上输出信号，输入端口可以接收电力，使传感器只监听特定的震动，具体取决于输入信号的强度。"
    },
    {
      "type": "patchouli:crafting",
      "recipe": "minecraft:calibrated_sculk_sensor",
      "title": " "
    },
    {
      "type": "patchouli:spotlight",
      "item": "minecraft:command_block",
      "anchor": "command_block",
      "text": "$(item)命令方块$()是一个可以执行$(l:commands)$(thing)命令$()的方块。有三种变体：$(li)$(item)脉冲型命令方块$()是默认的方块类型，仅在激活时执行一次。$(li)$(item)连锁命令方块$()在每次触发时都会执行。$(li)$(item)重复型命令方块$()在激活状态下每个游戏刻都会执行。"
    },
    {
      "type": "patchouli:spotlight",
      "item": "minecraft:chain_command_block",
      "title": " ",
      "text": "由于在生存模式下无法获得或编辑$(item)连锁命令方块$()，因此它主要用于多人服务器、创造模式和自定义地图。"
    },
    {
      "type": "patchouli:spotlight",
      "item": "minecraft:structure_block",
      "anchor": "structure_block",
      "text": "$(item)结构方块$()用于手动生成结构。它们还可以用于保存和加载结构，与$(item)结构空位$()方块一起使用。"
    },
    {
      "type": "patchouli:spotlight",
      "item": "minecraft:structure_void",
      "title": " ",
      "text": "由于在生存模式下无法获得或编辑$(item)结构空位$()，因此它主要用于多人服务器、创造模式和自定义地图。"
    }    
  ]
}