{
  "name": "红石电路",
  "icon": "minecraft:comparator",
  "category": "lexicon:redstone",
  "sortnum": 3,
  "pages": [
    {
      "type": "patchouli:text",
      "text": "逻辑门可以看作是根据输入模式和逻辑门遵循的规则返回多个输出的简单设备。$(br2)这些门可以用于构建大型机器的电路。$(br2)本电路中的$(l:redstone/redstone_components#lever)$(item)拉杆$()表示输入，$(l:redstone/redstone_components#lamp)$(item)灯泡$()表示输出。"
    },
    {
      "type": "patchouli:multiblock",
      "multiblock": {
          "pattern": [
            [
              "   0  "
            ],
            [
              "OMTXWL"
            ]
          ],
          "mapping": {
            "L": "minecraft:lever[facing=north,face=floor,powered=false]",
            "W": "minecraft:redstone_wire[north=side,south=side]",
            "M": "minecraft:redstone_wire[north=side,south=side,power=15]",
            "X": "minecraft:gold_block",
            "T": "minecraft:redstone_wall_torch[facing=north,lit=true]",
            "O": "minecraft:redstone_lamp[lit=true]"
          }
      },
      "name": "非门",
      "text": "也称为反相器。当需要与输入相反的输出时，使用此门。"
   },


    {
      "type": "patchouli:multiblock",
      "multiblock": {
        "pattern": [
          [
            "       ",
            "   0   ",
            "   MT  ",
            "       ",
            "       "
          ],
          [
            "    L  ",
            "    w  ",
            "OWtXXWL",
            "    w  ",
            "    L  "
          ]
        ],
        "mapping": {
          "L": "minecraft:lever[facing=north,face=floor,powered=false]",
          "W": "minecraft:redstone_wire[north=side,south=side]",
          "w": "minecraft:redstone_wire[east=side,west=side]",
          "M": "minecraft:redstone_wire[north=side,south=side,power=15]",
          "X": "minecraft:gold_block",
          "T": "minecraft:redstone_torch[lit=true]",
          "t": "minecraft:redstone_wall_torch[facing=north,lit=false]",
          "O": "minecraft:redstone_lamp[lit=false]"
        }
      },
      "name": "或门",
      "text": "当任何一个输入为$(l)on$()时，输出为$(l)off$()的门。"
     },


    {
      "type": "patchouli:multiblock",
      "multiblock": {
        "pattern": [
          [
            "     ",
            "     ",
            "  0  ",
            "     ",
            "     "
          ],
          [
            "  L  ",
            "  w  ",
            "OWXWL",
            "  w  ",
            "  L  "
          ]
        ],
        "mapping": {
          "L": "minecraft:lever[facing=north,face=floor,powered=false]",
          "W": "minecraft:redstone_wire[north=side,south=side]",
          "w": "minecraft:redstone_wire[east=side,west=side]",
          "O": "minecraft:redstone_lamp[lit=false]",
          "X": "minecraft:redstone_wire[north=side,south=side,west=side,east=side]"
        }
      },
      "name": "简单或门",
      "text": "在Minecraft中，或门也可以是一个简单的红石连接。"
     },


    {
      "type": "patchouli:multiblock",
      "multiblock": {
        "pattern": [
          [
            "      ",
            "      ",
            "   0  ",
            "      ",
            "      "
          ],
          [
            "   L  ",
            "   w  ",
            "OMTXWL",
            "   w  ",
            "   L  "
          ]
        ],
        "mapping": {
          "L": "minecraft:lever[facing=north,face=floor,powered=false]",
          "W": "minecraft:redstone_wire[north=side,south=side]",
          "w": "minecraft:redstone_wire[east=side,west=side]",
          "M": "minecraft:redstone_wire[north=side,south=side,power=15]",
          "X": "minecraft:gold_block",
          "T": "minecraft:redstone_wall_torch[facing=north,lit=true]",
          "O": "minecraft:redstone_lamp[lit=true]"
        }
      },
      "name": "或非门",
      "text": "这个门与$(thing)或门$()相反。只要至少有一个开关被切换到$(l)on$()，输出就会被切换到$(l)off$()。"
     },


    {
      "type": "patchouli:multiblock",
      "multiblock": {
        "pattern": [
          [
            "       ",
            "       ",
            "   T   ",
            "   MT0 ",
            "   T   ",
            "       ",
            "       "
          ],
          [
            "   L   ",
            "   w   ",
            "   X   ",
            "OWtXXWL",
            "   X   ",
            "   w   ",
            "   L   "
          ]
        ],
        "mapping": {
          "L": "minecraft:lever[facing=north,face=floor,powered=false]",
          "W": "minecraft:redstone_wire[north=side,south=side]",
          "M": "minecraft:redstone_wire[east=side,west=side,south=side,power=15]",
          "X": "minecraft:gold_block",
          "T": "minecraft:redstone_torch[lit=true]",
          "t": "minecraft:redstone_wall_torch[facing=north,lit=false]",
          "O": "minecraft:redstone_lamp[lit=false]",
          "w": "minecraft:redstone_wire[east=side,west=side]"
        }
      },
      "name": "与门",
      "text": "只有当所有输入都为$(l)on$()时，输出才会被切换到$(l)on$()。否则，输出将保持$(l)off$()。"
     },

    {
      "type": "patchouli:multiblock",
      "multiblock": {
        "pattern": [
          [
            "   T  ",
            "   M0 ",
            "   T  "
          ],
          [
            "   XWL",
            "OWtX  ",
            "   XWL"
          ]
        ],
        "mapping": {
          "L": "minecraft:lever[facing=north,face=floor,powered=false]",
          "W": "minecraft:redstone_wire[north=side,south=side]",
          "M": "minecraft:redstone_wire[east=side,west=side,power=15]",
          "X": "minecraft:gold_block",
          "T": "minecraft:redstone_torch[lit=true]",
          "t": "minecraft:redstone_wall_torch[facing=north,lit=false]",
          "O": "minecraft:redstone_lamp[lit=false]"
        }
      },
      "name": "与门",
      "text": "前一个与门用于3个输入，而这个用于2个输入。"
     },


    {
      "type": "patchouli:multiblock",
      "multiblock": {
        "pattern": [
          [
            "  T  ",
            "  M0 ",
            "  T  "
          ],
          [
            "  XWL",
            "OwX  ",
            "  XWL"
          ]
        ],
        "mapping": {
          "L": "minecraft:lever[facing=north,face=floor,powered=false]",
          "W": "minecraft:redstone_wire[north=side,south=side]",
          "w": "minecraft:redstone_wire[north=side,south=side,power=14]",
          "M": "minecraft:redstone_wire[east=side,west=side,north=side,power=15]",
          "X": "minecraft:gold_block",
          "T": "minecraft:redstone_torch[lit=true]",
          "t": "minecraft:redstone_wall_torch[facing=north,lit=false]",
          "O": "minecraft:redstone_lamp[lit=true]"
        }
      },
      "name": "与非门",
      "text": "这个门是$(thing)与门$()的反面。只有当所有输入都为$(l)on$()时，输出才会被切换到$(l)off$()。"
    },


    {
      "type": "patchouli:multiblock",
      "multiblock": {
        "pattern": [
          [
            "       ",
            "   0   ",
            "       ",
            "       "
          ],
          [
            "  iTXWL",
            "OWCY   ",
            " XCY   ",
            "  ITXWL"
          ]
        ],
        "mapping": {
          "L": "minecraft:lever[facing=north,face=floor,powered=false]",
          "W": "minecraft:redstone_wire[north=side,south=side]",
          "w": "minecraft:redstone_wire[north=side,south=side,power=14]",
          "Y": "minecraft:redstone_wire[east=side,north=side,west=side,power=15]",
          "i": "minecraft:redstone_wire[east=side,south=side,power=15]",
          "I": "minecraft:redstone_wire[west=side,south=side,power=15]",
          "X": "minecraft:gold_block",
          "C": "minecraft:comparator[facing=south,mode=subtract]",
          "T": "minecraft:redstone_wall_torch[facing=north,lit=true]",
          "O": "minecraft:redstone_lamp[lit=false]"
        }
      },
      "name": "异或门",
      "text": "该门使用 2 个输入，当一个开关为 $(l)on$()，一个开关为 $(l)off$()时，输出切换为 $(l)on$()。."
    },


    {
      "type": "patchouli:multiblock",
      "multiblock": {
        "pattern": [
          [
            "   w  T  ",
            "    0wM  ",
            "   w  T  "
          ],
          [
            "  YXitXWL",
            "OWI YXX  ",
            "  YXjtXWL"
          ]
        ],
        "mapping": {
          "L": "minecraft:lever[facing=north,face=floor,powered=false]",
          "W": "minecraft:redstone_wire[north=side,south=side]",
          "w": "minecraft:redstone_wire[north=side,south=side,power=14]",
          "M": "minecraft:redstone_wire[east=side,west=side,north=side,power=15]",
          "i": "minecraft:redstone_wire[east=side,south=side,north=up,power=15]",
          "j": "minecraft:redstone_wire[west=side,south=side,north=up,power=15]",
          "I": "minecraft:redstone_wire[east=side,north=side,west=side]",
          "X": "minecraft:gold_block",
          "T": "minecraft:redstone_torch[lit=true]",
          "t": "minecraft:redstone_wall_torch[facing=north,lit=true]",
          "Y": "minecraft:redstone_wall_torch[facing=north,lit=false]",
          "O": "minecraft:redstone_lamp[lit=false]"
        }
      },
      "name": "同或门",
      "text": "与 $(thing)异或门$() 相反。它使用 2 个输入。当两个开关处于相同状态时（两个开关均为 $(l)on$() 或均为 $(l)off$()），则输出切换为 $(l)on$()."
    },


    {
      "type": "patchouli:multiblock",
      "multiblock": {
        "pattern": [
          [
            "  Y  ",
            "  M0 ",
            "  T  "
          ],
          [
            "  XiL",
            "OwX  ",
            "  XWL"
          ]
        ],
        "mapping": {
          "L": "minecraft:lever[facing=north,face=floor,powered=false]",
          "W": "minecraft:redstone_wire[north=side,south=side]",
          "w": "minecraft:redstone_wire[north=side,south=up,power=15]",
          "i": "minecraft:redstone_wire[north=up,south=side,power=13]",
          "M": "minecraft:redstone_wire[east=side,west=side,north=side,power=15]",
          "X": "minecraft:gold_block",
          "T": "minecraft:redstone_torch[lit=true]",
          "Y": "minecraft:redstone_wire[south=side,east=side,power=14]",
          "O": "minecraft:redstone_lamp[lit=true]"
        }
      },
      "name": "蕴涵门",
      "text": "只有当两个输入都为$(l)on$()或第一个输入为$(l)off$()时，此门才会打开。与其他门不同，输入不能互换；它不是可交换的。"
    },


    {
      "type": "patchouli:multiblock",
      "multiblock": {
        "pattern": [
          [
            "OCh",
            " 0H"
          ]
        ],
        "mapping": {
          "C": "minecraft:comparator[facing=south,mode=compare,powered=true]",
          "O": "minecraft:redstone_lamp[lit=true]",
          "H": "minecraft:hopper[enabled=true,facing=west]",
          "h": "minecraft:hopper[enabled=true,facing=east]"
        }
      },
      "name": "定时脉冲器",
      "text": "这是一个重复产生特定脉冲的脉冲发生器。定时脉冲器通过在两个$(l:redstone/redstone_components#hopper)$(item)漏斗$()之间来回移动物品来产生定时脉冲。"
    },


    {
      "type": "patchouli:multiblock",
      "multiblock": {
        "pattern": [
          [
            "OW1CL",
            " 023 "
          ]
        ],
        "mapping": {
          "C": "minecraft:comparator[facing=south,mode=subtract,powered=true]",
          "O": "minecraft:redstone_lamp[lit=true]",
          "L": "minecraft:lever[face=floor,facing=north,powered=true]",
          "W": "minecraft:redstone_wire[north=side,south=side,power=14]",
          "1": "minecraft:redstone_wire[north=side,south=side,east=side,power=15]",
          "2": "minecraft:redstone_wire[west=side,south=side,power=14]",
          "3": "minecraft:redstone_wire[west=side,north=side,power=13]"
        }
      },
      "name": "钟控比较器",
      "text": "使用$(l:redstone/redstone_components#comparator)$(item)比较器$()的减法或信号衰减功能，可以实现短或中等周期长度的时钟。"
     },



    {
      "type": "patchouli:multiblock",
      "multiblock": {
        "pattern": [
          [
            "OW2a1 ",
            "  b0d ",
            "  3c4B"
          ]
        ],
        "mapping": {
          "O": "minecraft:redstone_lamp[lit=true]",
          "B": "minecraft:stone_button[face=floor,facing=north,powered=false]",
          "W": "minecraft:redstone_wire[north=side,south=side,power=14]",
          "1": "minecraft:redstone_wire[north=side,east=side]",
          "2": "minecraft:redstone_wire[east=side,south=side,north=side,power=15]",
          "3": "minecraft:redstone_wire[west=side,south=side,power=15]",
          "4": "minecraft:redstone_wire[north=side,west=side,south=side,power=0]",
          "a": "minecraft:repeater[powered=true,delay=4,facing=north]",
          "b": "minecraft:repeater[powered=true,delay=4,facing=east]",
          "c": "minecraft:repeater[powered=false,delay=4,facing=south]",
          "d": "minecraft:repeater[powered=false,delay=4,facing=west]"
        }
      },
      "name": "钟控中继器",
      "text": "这个装置由一系列$(l:redstone/redstone_components#repeater)$(item)中继器$()组成，偶尔使用红石粉或方块来提取适当的脉冲。"
   },


    {
      "type": "patchouli:multiblock",
      "multiblock": {
        "pattern": [
          [
            "   TXWB",
            "  01   ",
            "OMX2WY ",
            "  t33y "
          ]
        ],
        "mapping": {
          "B": "minecraft:stone_button[face=floor,facing=north,powered=false]",
          "W": "minecraft:redstone_wire[north=side,south=side]",
          "M": "minecraft:redstone_wire[south=side,north=side,power=15]",
          "Y": "minecraft:redstone_wire[east=side,north=side]",
          "y": "minecraft:redstone_wire[west=side,north=side]",
          "X": "minecraft:gold_block",
          "O": "minecraft:redstone_lamp[lit=true]",
          "T": "minecraft:redstone_wall_torch[facing=north,lit=true]",
          "t": "minecraft:redstone_wall_torch[facing=east,lit=false]",
          "1": "minecraft:repeater[powered=true,delay=1,facing=west]",
          "2": "minecraft:repeater[powered=true,delay=3,facing=south,locked=true]",
          "3": "minecraft:repeater[powered=false,delay=4,facing=north]"

        }
      },
      "name": "T触发器",
      "text": "也称为“切换器”。每当输入从$(l)off$()切换到$(l)on$()时，输出状态将切换。"
    },


    {
      "type": "patchouli:multiblock",
      "multiblock": {
        "pattern": [
          [
            "L XP0OPWB"
          ]
        ],
        "mapping": {
          "B": "minecraft:stone_button[face=floor,facing=north,powered=false]",
          "L": "minecraft:redstone_lamp[lit=false]",
          "W": "minecraft:redstone_wire[north=side,south=side]",
          "P": "minecraft:sticky_piston[facing=north]",
          "O": "minecraft:observer[facing=south]",
          "X": "minecraft:redstone_block"
        }
      },
      "name": "观察者T触发器",
      "text": ""
    },


    {
      "type": "patchouli:multiblock",
      "multiblock": {
        "pattern": [
          [
            "WWWCHDWB"
          ],
          [
            "OOO 0   "
          ]
        ],
        "mapping": {
          "B": "minecraft:stone_button[face=floor,facing=north,powered=false]",
          "W": "minecraft:redstone_wire[north=side,south=side]",
          "D": "minecraft:dropper[facing=north]",
          "H": "minecraft:hopper[facing=south,enabled=true]",
          "C": "minecraft:comparator[facing=south]",
          "O": "minecraft:redstone_lamp[lit=false]"
        }
      },
      "name": "随机器",
      "text": "将不同堆叠大小的物品放入$(l:redstone/redstone_components#dropper)$(item)投掷器$()中，例如一把$(item)剑$()和一块$(item)泥土$()。"
    },


    {
      "type": "patchouli:multiblock",
      "multiblock": {
        "pattern": [
          [
            "  IWi0 ",
            "OWYRYWB"
          ]
        ],
        "mapping": {
          "B": "minecraft:stone_button[face=floor,facing=north,powered=false]",
          "O": "minecraft:redstone_lamp[lit=false]",
          "W": "minecraft:redstone_wire[north=side,south=side]",
          "Y": "minecraft:redstone_wire[north=side,south=side,west=side]",
          "i": "minecraft:redstone_wire[north=side,east=side]",
          "I": "minecraft:redstone_wire[south=side,east=side]",
          "R": "minecraft:repeater[facing=south]"
        }
      },
      "name": "输入稳定器",
      "text": "这个电路通过在输入与输出上同时保持$(l)on$()状态来响应输入脉冲。"
     },


    {
      "type": "patchouli:multiblock",
      "multiblock": {
        "pattern": [
          [
            " O   ",
            " I0  ",
            "YtXWb",
            "I R  ",
            "I T  ",
            "yWXWB"
          ]
        ],
        "mapping": {
          "B": "minecraft:stone_button[face=floor,facing=north,powered=false]",
          "b": "minecraft:crimson_button[face=floor,facing=north,powered=false]",
          "O": "minecraft:redstone_lamp[lit=false]",
          "W": "minecraft:redstone_wire[north=side,south=side]",
          "M": "minecraft:redstone_wire[north=side,south=side,power=15]",
          "I": "minecraft:redstone_wire[east=side,west=side]",
          "Y": "minecraft:redstone_wire[east=side,south=side]",
          "y": "minecraft:redstone_wire[south=side,west=side]",
          "R": "minecraft:repeater[facing=east,powered=true]",
          "T": "minecraft:redstone_wall_torch[facing=west,lit=true]",
          "t": "minecraft:redstone_wall_torch[facing=north,lit=false]",
          "X": "minecraft:gold_block"
        }
      },
      "name": "RS锁存器",
      "text": "这是一个带有复位选项的$(thing)输入稳定器$()."
    },


    {
      "type": "patchouli:multiblock",
      "multiblock": {
        "pattern": [
          [
            "ORXWL"
          ],
          [
            " 0P  "
          ]

        ],
        "mapping": {
          "L": "minecraft:lever[facing=north,face=floor,powered=false]",
          "O": "minecraft:redstone_lamp[lit=false]",
          "W": "minecraft:redstone_wire[north=side,south=side]",
          "P": "minecraft:sticky_piston[facing=up]",
          "R": "minecraft:repeater[facing=south]",
          "X": "minecraft:gold_block"
        }
      },
      "name": "脉冲发生器",
      "text": "$(thing)脉冲发生器$()在触发时创建一个输出脉冲。"
    },


    {
      "type": "patchouli:multiblock",
      "multiblock": {
        "pattern": [
          [
            "      0      ",
            " XRXRXRXRXRy ",
            "OWWWWWWWWWXYB"
          ]

        ],
        "mapping": {
          "B": "minecraft:stone_button[face=floor,facing=north,powered=false]",
          "O": "minecraft:redstone_lamp[lit=false]",
          "W": "minecraft:redstone_wire[north=side,south=side]",
          "Y": "minecraft:redstone_wire[west=side,south=side]",
          "y": "minecraft:redstone_wire[east=side,north=side]",
          "R": "minecraft:repeater[facing=south,delay=4]",
          "X": "minecraft:gold_block"
        }
      },
      "name": "脉冲延长器",
      "text": "这个电路可以延长脉冲的持续时间。$(br)可以按需构建任意长度."
    }
  ]
}