{
  "name": "红石装置",
  "icon": "minecraft:observer",
  "category": "lexicon:redstone",
  "sortnum": 5,
  "pages": [
    {
      "type": "patchouli:text",
      "text": "以下页面包含一些有用的红石装置的设计图。$(br2)$(li) 你还可以在$(l:farming)农业章节$()中找到更多红石装置的设计."
    },
    {
      "type": "patchouli:multiblock",
      "multiblock": {
        "pattern": [
          [
            "   ",
            " i ",
            "   "
          ],
          [
            "   ",
            " I ",
            "   "
          ],
          [
            " a ",
            "s-w",
            " d "
          ],
          [
            " 6 ",
            "7X5",
            " 8 "
          ],
          [
            "   ",
            " V ",
            "   "
          ],
          [
            "   ",
            " i ",
            "   "
          ],
          [
            "   ",
            " i ",
            "   "
          ],
          [
            "   ",
            " I ",
            " 0 "
          ],
          [
            " 4 ",
            "1O3",
            " 2 "
          ]
        ],
        "mapping": {
          "I": "minecraft:stone_brick_wall[up=true]",
          "V": "minecraft:hopper",
          "-": "minecraft:daylight_detector[inverted=true]",
          "i": "minecraft:spruce_fence",
          "O": "minecraft:chiseled_stone_bricks",
          "X": "minecraft:redstone_lamp[lit=false]",
          "1": "minecraft:spruce_trapdoor[open=true,half=bottom,facing=north]",
          "2": "minecraft:spruce_trapdoor[open=true,half=bottom,facing=east]",
          "3": "minecraft:spruce_trapdoor[open=true,half=bottom,facing=south]",
          "4": "minecraft:spruce_trapdoor[open=true,half=bottom,facing=west]",
          "5": "minecraft:spruce_fence[north=true]",
          "6": "minecraft:spruce_fence[east=true]",
          "7": "minecraft:spruce_fence[south=true]",
          "8": "minecraft:spruce_fence[west=true]",
          "w": "minecraft:stone_brick_stairs[facing=north,half=bottom]",
          "a": "minecraft:stone_brick_stairs[facing=east,half=bottom]",
          "s": "minecraft:stone_brick_stairs[facing=south,half=bottom]",
          "d": "minecraft:stone_brick_stairs[facing=west,half=bottom]"
        }
      },
      "name": "路灯",
      "text": "这是一个在夜间自动打开的路灯。"
   },
    {
      "type": "patchouli:multiblock",
      "multiblock": {
        "pattern": [
          [
            "  X-",
            "  X_",
            " WX_",
            "  X_",
            "  X-"
          ],
          [
            "  XI",
            "  71",
            "w50 ",
            "  63",
            "  XI"
          ],
          [
            "  XI",
            "rR72",
            "x5! ",
            "lR64",
            "  XI"
          ],
          [
            "  XX",
            "XXXX",
            "uW8X",
            "XXXX",
            "  XX"
          ]
        ],
        "mapping": {
          "X": "minecraft:stone_bricks",
          "x": "minecraft:smooth_stone_slab[type=top]",
          "!": "minecraft:stone_pressure_plate",
          "2": "minecraft:spruce_door[facing=south,half=lower,hinge=right]",
          "1": "minecraft:spruce_door[facing=south,half=upper,hinge=right]",
          "4": "minecraft:spruce_door[facing=south,half=lower,hinge=left]",
          "3": "minecraft:spruce_door[facing=south,half=upper,hinge=left]",
          "I": "minecraft:oak_log",
          "-": "minecraft:oak_slab",
          "_": "minecraft:spruce_trapdoor",
          "5": "minecraft:dispenser[facing=south]",
          "6": "minecraft:dispenser[facing=west]",
          "7": "minecraft:dispenser[facing=east]",
          "8": "minecraft:dispenser[facing=up]",
          "W": "minecraft:redstone_wire[east=none,north=side,south=side,west=none,power=0]",
          "w": "minecraft:redstone_wire[east=side,north=none,south=up,west=side,power=0]",
          "l": "minecraft:redstone_wire[east=none,north=none,south=side,west=side,power=0]",
          "r": "minecraft:redstone_wire[east=side,north=none,south=side,west=none,power=0]",
          "u": "minecraft:redstone_wire[east=up,north=none,south=side,west=up,power=0]",
          "R": "minecraft:repeater[facing=north]"
        }
      },
      "name": "快速装备器",
      "text": "这个装置可以在你进入上面的$(l:redstone/redstone_components#pressure_plate)$(item)压力板$()时，将预先放置在$(l:redstone/redstone_components#dispenser)$(item)发射器$()中的盔甲和工具装备到你身上（每种物品类型一个$(l:redstone/redstone_components#dispenser)$(item)发射器$()）。"
    },
    {
      "type": "patchouli:multiblock",
      "multiblock": {
        "pattern": [
          [
            "  ",
            "O ",
            "X "
          ],
          [
            "d ",
            "o0",
            "D "
          ]
        ],
        "mapping": {
          "X": "minecraft:respawn_anchor",
          "O": "minecraft:observer[facing=east]",
          "o": "minecraft:observer[facing=west]",
          "D": "minecraft:dispenser[facing=up]",
          "d": "minecraft:dispenser[facing=west]"
        }
      },
      "name": "重生锚补充器",
      "text": "这个装置会在你从下方的$(l:redstone/redstone_components#dispenser)$(item)发射器$()死亡时，向上方的$(l:useables/respawn_anchor)$(item)重生锚$()添加$(item)荧石$()并补充其能量。"
     },
    {
      "type": "patchouli:multiblock",
      "multiblock": {
        "pattern": [
          [
            "     ",
            "     ",
            "     ",
            "     ",
            "XXXXX",
            "XXXXX",
            "     ",
            "     ",
            "     ",
            "     "
          ],
          [
            "     ",
            "  R  ",
            "  W  ",
            "XXXXX",
            "     ",
            "!   !",
            "XXXXX",
            "$ E $",
            "  R  ",
            "     "
          ],
          [
            "  1  ",
            "  #  ",
            "  W  ",
            "XXXXX",
            "     ",
            "  0  ",
            "XXXXX",
            "O E O",
            "  #  ",
            "  2  "
          ],
          [
            "  #3 ",
            "     ",
            "     ",
            "     ",
            "XXXXX",
            "XXXXX",
            "     ",
            "rrr9r",
            "   R ",
            "  #4 "
          ],
          [
            "   # ",
            "   5 ",
            "   R ",
            "   R ",
            "   R ",
            "   R ",
            "   8 ",
            "#####",
            "   # ",
            "   # "
          ],
          [
            "     ",
            "   # ",
            "   # ",
            "   # ",
            "   # ",
            "   # ",
            "   # ",
            "     ",
            "     ",
            "     "
          ]
        ],
        "mapping": {
          "X": "minecraft:stone_bricks",
          "#": "minecraft:white_wool",
          "$": "minecraft:note_block",
          "O": "minecraft:observer[facing=up]",
          "W": "minecraft:sticky_piston[facing=east]",
          "E": "minecraft:sticky_piston[facing=west]",
          "!": "minecraft:lever[facing=west,face=wall]",
          "R": "minecraft:redstone_wire[east=side,north=none,south=none,west=side,power=0]",
          "r": "minecraft:redstone_wire[east=none,north=side,south=side,west=none,power=0]",
          "1": "minecraft:redstone_wire[east=up,north=none,south=side,west=none,power=0]",
          "2": "minecraft:redstone_wire[east=none,north=none,south=side,west=up,power=0]",
          "3": "minecraft:redstone_wire[east=side,north=up,south=none,west=none,power=0]",
          "4": "minecraft:redstone_wire[east=none,north=up,south=none,west=side,power=0]",
          "5": "minecraft:redstone_wire[east=side,north=none,south=none,west=up,power=0]",
          "6": "minecraft:redstone_wire[east=none,north=up,south=none,west=side,power=0]",
          "7": "minecraft:redstone_wire[east=none,north=side,south=none,west=side,power=0]",
          "8": "minecraft:redstone_wire[east=up,north=none,south=none,west=side,power=0]",
          "9": "minecraft:redstone_wire[east=side,north=side,south=side,west=side,power=0]"
        }
      },
      "name": "2x2 两侧活塞门",
      "text": "这是一个相对简单的2x2 $(l:redstone/redstone_components#piston)$(item)活塞$()门，可以从两侧打开。"
       },
    {
      "type": "patchouli:multiblock",
      "multiblock": {
        "pattern": [
          [
            "      ",
            "   ß  ",
            "   r  ",
            "   D  ",
            "   r  ",
            "   2  ",
            "      ",
            "      ",
            "      "
          ],
          [
            "      ",
            "  3#  ",
            "XXXXXX",
            "XXXXXX",
            "XXXXXX",
            "  4#  ",
            "      ",
            "      ",
            "      "
          ],
          [
            "  5W  ",
            "XXXXXX",
            "      ",
            "      ",
            "      ",
            "XXXXXX",
            "  6E  ",
            "      ",
            "      "
          ],
          [
            "  #W  ",
            "XXXXXX",
            "      ",
            "      ",
            "!    !",
            "XXXXXX",
            "$ #E $",
            "      ",
            "      "
          ],
          [
            "  dW  ",
            "XXXXXX",
            "      ",
            "  0   ",
            "      ",
            "XXXXXX",
            "u dE u",
            "      ",
            "      "
          ],
          [
            "  $   ",
            "   W  ",
            "XXXXXX",
            "XXXXXX",
            "XXXXXX",
            "      ",
            "r $  r",
            "      ",
            "      "
          ],
          [
            "  #R  ",
            "  w#  ",
            "  wd  ",
            "1tnU  ",
            "r ew  ",
            "5 ed  ",
            "# #  #",
            "8    8",
            "9tttt7"
          ],
          [
            "   L  ",
            "  ue  ",
            "  e$  ",
            "##eU  ",
            "# #   ",
            "# P   ",
            "#     ",
            "#    #",
            "######"
          ]
        ],
        "mapping": {
          "X": "minecraft:stone_bricks",
          "#": "minecraft:white_wool",
          "L": "minecraft:redstone_lamp",
          "$": "minecraft:note_block",
          "u": "minecraft:observer[facing=up]",
          "d": "minecraft:observer[facing=down]",
          "w": "minecraft:observer[facing=east]",
          "e": "minecraft:observer[facing=west]",
          "n": "minecraft:observer[facing=north]",
          "s": "minecraft:observer[facing=south]",
          "U": "minecraft:sticky_piston[facing=up]",
          "D": "minecraft:sticky_piston[facing=down]",
          "W": "minecraft:sticky_piston[facing=east]",
          "E": "minecraft:sticky_piston[facing=west]",
          "N": "minecraft:sticky_piston[facing=north]",
          "S": "minecraft:sticky_piston[facing=south]",
          "P": "minecraft:piston[facing=south]",
          "!": "minecraft:lever[facing=west,face=wall]",
          "R": "minecraft:redstone_wire[east=side,north=side,south=side,west=side,power=0]",
          "r": "minecraft:redstone_wire[east=side,north=none,south=none,west=side,power=0]",
          "t": "minecraft:redstone_wire[east=none,north=side,south=side,west=none,power=0]",
          "1": "minecraft:redstone_wire[east=side,north=none,south=side,west=none,power=0]",
          "2": "minecraft:redstone_wire[east=none,north=side,south=none,west=side,power=0]",
          "3": "minecraft:redstone_wire[east=none,north=none,south=up,west=side,power=0]",
          "4": "minecraft:redstone_wire[east=side,north=none,south=up,west=none,power=0]",
          "5": "minecraft:redstone_wire[east=up,north=none,south=none,west=side,power=0]",
          "6": "minecraft:redstone_wire[east=side,north=none,south=none,west=up,power=0]",
          "7": "minecraft:redstone_wire[east=none,north=side,south=none,west=side,power=0]",
          "8": "minecraft:redstone_wire[east=side,north=none,south=none,west=up,power=0]",
          "9": "minecraft:redstone_wire[east=none,north=none,south=side,west=side,power=0]",
          "ß": "minecraft:redstone_wire[east=side,north=side,south=none,west=none,power=0]"
        }
      },
      "name": "3x3 两侧活塞门",
      "text": "这是一个快速的复杂的3x3 $(l:redstone/redstone_components#piston)$(item)活塞$()门，可以从两侧打开。"
     },
    {
      "type": "patchouli:multiblock",
      "multiblock": {
        "pattern": [
          [
            " X ",
            " X ",
            " X "
          ],
          [
            " X ",
            " 1 ",
            " X!"
          ],
          [
            " X ",
            "_20",
            " X "
          ],
          [
            "##O",
            "##O",
            "##O"
          ]
        ],
        "mapping": {
          "X": "minecraft:stone_bricks",
          "#": "minecraft:oak_planks",
          "O": "minecraft:grass_block",
          "_": "minecraft:stone_pressure_plate",
          "!": "minecraft:oak_button[face=wall,facing=south]",
          "1": "minecraft:iron_door[facing=north,half=upper]",
          "2": "minecraft:iron_door[facing=north,half=lower]"
        }
      },
      "name": "自动关闭门",
      "text": "这是一个自动关闭的怪物安全门。"
       },
    {
      "type": "patchouli:multiblock",
      "multiblock": {
        "pattern": [
          [
            "C  ",
            "   "
          ],
          [
            "OX ",
            "X_X"
          ],
          [
            "O>X",
            "iXI"
          ],
          [
            "OX0",
            "X_X"
          ],
          [
            "O>X",
            "iXI"
          ],
          [
            "OX ",
            "X_X"
          ],
          [
            "O>X",
            "iXI"
          ]
        ],
        "mapping": {
          "X": "minecraft:cobblestone",
          "C": "minecraft:chest",
          "O": "minecraft:dropper[facing=up]",
          ">": "minecraft:comparator[facing=north]",
          "I": "minecraft:redstone_wall_torch[facing=east,lit=true]",
          "i": "minecraft:redstone_wall_torch[facing=north,lit=false]",
          "_": "minecraft:redstone_wire[east=side,west=side,north=side,south=side,power=15]"
        }
      },
      "name": "物品传送装置",
      "text": "这是一个自给自足的物品传送装置。"
    },
    {
      "type": "patchouli:multiblock",
      "multiblock": {
        "pattern": [
          [
            " C "
          ],
          [
            " hC"
          ],
          [
            "0FH"
          ],
          [
            "CH "
          ]
        ],
        "mapping": {
          "F": "minecraft:furnace[facing=north]",
          "H": "minecraft:hopper[enabled=true,facing=north]",
          "h": "minecraft:hopper[enabled=true]",
          "C": "minecraft:chest[facing=north]"
        }
      },
      "name": "自动熔炼器",
      "text": "这个装置会自动将燃料和材料放入$(l:useables/furnace)$(item)熔炉$()并自动熔炼。"
     },
    {
      "type": "patchouli:multiblock",
      "multiblock": {
        "pattern": [
          [
            "            ",
            "cC          ",
            "            "
          ],
          [
            "cCX      X  ",
            "OrrrRRRRrrrO",
            "            "
          ],
          [
            "OrrrRRRRrrrO",
            " hhhhhhhhhh ",
            "     0      "
          ],
          [
            " HHHHHHHHHH ",
            " FFFFFFFFFF ",
            "            "
          ],
          [
            "            ",
            " HYYYYYYYYY ",
            "cC          "
          ]
        ],
        "mapping": {
          "F": "minecraft:blast_furnace[facing=east]",
          "R": "minecraft:rail[shape=north_south]",
          "r": "minecraft:powered_rail[shape=north_south,powered=true]",
          "H": "minecraft:hopper[enabled=true,facing=east]",
          "Y": "minecraft:hopper[enabled=true,facing=north]",
          "h": "minecraft:hopper[enabled=true]",
          "O": "minecraft:cobblestone",
          "X": "minecraft:redstone_block",
          "C": "minecraft:chest[facing=east,type=right]",
          "c": "minecraft:chest[facing=east,type=left]"
        }
      },
      "name": "超级熔炼器",
      "text": "在挖矿后，这是熔炼大量矿石的最佳方式。你需要在铁轨上放置$(item)漏斗矿车$()，它们会分发材料."
    }
  ]
}