{
  "name": "红石信号",
  "icon": "minecraft:redstone",
  "category": "lexicon:redstone",
  "sortnum": 1,
  "pages": [
    {
      "type": "patchouli:text",
      "text": "（盖饭注：下面将红石所具有的能量比作现实中的“电力”）$(l:redstone/redstone_components#redstone)$(item)红石线$()可以传输电力，用于操作机械组件（门、活塞等）。$(br2)每经过一段$(l:redstone/redstone_components#redstone)$(item)红石线$()，电力等级会下降1。$(br2)因此，红石线最多只能传输电力$(n)15个方块$()的距离。$(br)如果要传输更远的距离，电力等级必须重新增强，通常使用$(l:redstone/redstone_components#repeater)$(item)中继器$()实现。"
    },
    {
      "type": "patchouli:image",
      "images": [
        "lexicon:textures/pictures/redstone_wires.png",
        "lexicon:textures/pictures/redstone_wire_length.png"
      ],
      "border": true,
      "text": "红石线配置示例。"
    },
    {
      "type": "patchouli:image",
      "images": [
        "lexicon:textures/pictures/redstone_behavior_1.png"
      ],
      "border": false,
      "text": "以下页面展示了不同红石组件如何传递信号。"
    },
    {
      "type": "patchouli:image",
      "images": [
        "lexicon:textures/pictures/redstone_behavior_2.png"
      ],
      "border": false,
      "text": "墙上拉杆"
    },
    {
      "type": "patchouli:image",
      "images": [
        "lexicon:textures/pictures/redstone_behavior_3.png"
      ],
      "border": false,
      "text": "红石线"
    },
    {
      "type": "patchouli:image",
      "images": [
        "lexicon:textures/pictures/redstone_behavior_4.png"
      ],
      "border": false,
      "text": "中继器连接到墙上"
    },
    {
      "type": "patchouli:image",
      "images": [
        "lexicon:textures/pictures/redstone_behavior_5.png"
      ],
      "border": false,
      "text": "立式火把"
    },
    {
      "type": "patchouli:image",
      "images": [
        "lexicon:textures/pictures/redstone_behavior_6.png"
      ],
      "border": false,
      "text": "墙上火把"
    },
    {
      "type": "patchouli:image",
      "images": [
        "lexicon:textures/pictures/redstone_behavior_7.png"
      ],
      "border": false,
      "text": "墙上拉杆"
    },
    {
      "type": "patchouli:image",
      "images": [
        "lexicon:textures/pictures/redstone_behavior_8.png"
      ],
      "border": false,
      "text": "红石火把在接收电力时会改变状态。"
    }
  ]
}
