{
  "name": "采矿技术",
  "icon": "minecraft:cobblestone",
  "category": "lexicon:mining",
  "sortnum": 3,
  "pages": [
    {
      "type": "patchouli:text",
      "text": "有多种技术可以从地下提取$(item)矿石$()，这些技术将在以下页面中介绍。"
    },
    {
      "type": "patchouli:image",
      "images": [
        "lexicon:textures/pictures/cave_mining.png"
      ],
      "border": true,
      "title": "洞穴采矿",
      "text": "经典的采矿方式。你可以在不挖掘大量$(item)石头$()的情况下寻找矿石，但由于一些矿石的空气暴露减少，生成几率会稍微降低。"
    },
    {
      "type": "patchouli:image",
      "images": [
        "lexicon:textures/pictures/strip_mining.png"
      ],
      "border": true,
      "title": "条带采矿",
      "text": "条带采矿是最高效的采矿方式，许多小走廊并排创建，以覆盖整个区域。"
    },
    {
      "type": "patchouli:image",
      "images": [
        "lexicon:textures/pictures/tunnel_mining.png"
      ],
      "border": true,
      "title": "隧道采矿",
      "text": "通常在想要在地下沿特定方向移动或创建隧道系统时使用。"
    },
    {
      "type": "patchouli:image",
      "images": [
        "lexicon:textures/pictures/shaft_mining.png"
      ],
      "border": true,
      "title": "竖井采矿",
      "text": "用于创建到一定高度的竖井，可以覆盖不同层次的矿石。"
    },
    {
      "type": "patchouli:image",
      "images": [
        "lexicon:textures/pictures/quarry_mining.png"
      ],
      "border": true,
      "title": "采石场采矿",
      "text": "这种方式并不特别高效，但可以覆盖整个区域的所有资源，通常与包含$(item)采石场$()的$(l:modifications/mods)$(thing)Mod$()一起使用。"
    },
    {
      "type": "patchouli:image",
      "images": [
        "lexicon:textures/pictures/explosion_mining.png"
      ],
      "border": true,
      "title": "爆炸采矿",
      "text": "使用爆炸物进行采矿主要与$(l:rare/netherite)$(item)远古残骸$()一起使用，因为在$(l:world/dimensions#nether)$(thing)下界$()使用爆炸的$(l:useables/bed)$(item)床$()是最快的选择。"
    },
    {
      "type": "patchouli:image",
      "images": [
        "lexicon:textures/pictures/mining_machine.png"
      ],
      "border": true,
      "text": "但也可以使用$(item)TNT$()或$(l:redstone/flying_machines)$(thing)飞行机器$()。"
    }
  ]
}