{
  "name": "采矿等级",
  "icon": "minecraft:diamond",
  "category": "lexicon:mining",
  "sortnum": 1,
  "pages": [
    {
      "type": "patchouli:text",
      "text": "并非所有的$(item)矿石$()都可以用同一种$(item)镐子$()开采。$(br2)根据材料的不同，有不同的采矿等级。$(br2)等级越高，可以开采的矿石越多。"
    },
    {
      "type": "patchouli:image",
      "images": [
        "lexicon:textures/pictures/mining_levels.png"
      ],
      "border": false,
      "text": "$(l:modifications/mods)$(thing)Mod$()还可以为游戏添加更多的矿石和采矿等级。"
    }
  ]
}