{
  "name": "矿石分布",
  "icon": "minecraft:diamond_ore",
  "category": "lexicon:mining",
  "sortnum": 3,
  "pages": [
    {
      "type": "patchouli:text",
      "text": "$(item)矿石$()在不同的高度以不同的概率生成。$(br2)有些矿石在洞穴中生成的几率更小（空气暴露）。"
    },
    {
      "type": "patchouli:text",
      "title": "最佳矿层",
      "text": "$(l:world/dimensions#overworld)$(thing)主世界$() $(li)$(item)煤矿石$()：层 95 和 136 $(li)$(item)铜矿石$()：层 48 $(li)$(item)青金石矿石$()：层 -1 $(li)$(item)铁矿石$()：层 15 和 232 $(li)$(item)金矿石$()：层 -16 $(li)$(item)红石矿石$()：层 -59 $(li)$(item)钻石矿石$()：层 -59 $(li)$(item)绿宝石矿石$()：层 236 $(br2)$(l:world/dimensions#nether)$(thing)下界$() $(li)$(item)下界石英$()：层 10-114 $(li)$(item)金矿石$()：层 96-116 $(li)$(item)远古残骸$()：层 13-17"
    },
    {
      "type": "patchouli:image",
      "images": [
        "lexicon:textures/pictures/ore_distribution.png"
      ],
      "border": false,
      "text": "$(br)矿石的最大变化在于0层附近"
    },
    {
      "type": "patchouli:image",
      "images": [
        "lexicon:textures/pictures/ore_distribution_legend.png"
      ],
      "border": true
    }
  ]
}