{
  "name": "熔炼",
  "icon": "minecraft:furnace",
  "category": "lexicon:mining",
  "sortnum": 5,
  "pages": [
    {
      "type": "patchouli:text",
      "text": "有多种燃料可以用于熔炼物品。$(br)应该使用哪种燃料取决于物品的数量。$(br2)$(n)不同类型的熔炉:$() $(li)$(l:useables/furnace)$(l)熔炉$()可以熔炼所有可能的物品 $(li)$(l:useables/blast_furnace)$(l)高炉$()只能熔炼矿石，但速度是熔炉的两倍 $(li)$(l:useables/smoker)$(l)烟熏炉$()只能熔炼食物，但速度是熔炉的两倍"
    },
    {
      "type": "patchouli:image",
      "images": [
        "lexicon:textures/pictures/fuel_chart_1.png",
        "lexicon:textures/pictures/fuel_chart_2.png"
      ],
      "border": false,
      "text": "$(l)熔炼/燃料物品$() = 用1个燃料可以熔炼多少物品 $(br2)$(l)1堆物品所需燃料$() = 熔炼64个物品（1堆）所需的燃料数量"
    },
    {
      "type": "patchouli:image",
      "images": [
        "lexicon:textures/pictures/auto_smelter_1.png"
      ],
      "border": true,
      "title": "自动熔炉"
    },
    {
      "type": "patchouli:multiblock",
      "anchor": "smelter",
      "multiblock": {
        "pattern": [
          [
            " C "
          ],
          [
            " hC"
          ],
          [
            "0FH"
          ],
          [
            "CH "
          ]
        ],
        "mapping": {
          "F": "minecraft:furnace[facing=north]",
          "H": "minecraft:hopper[enabled=true,facing=north]",
          "h": "minecraft:hopper[enabled=true]",
          "C": "minecraft:chest[facing=north]"
        }
      },
      "name": " "
    },
    {
      "type": "patchouli:image",
      "images": [
        "lexicon:textures/pictures/super_smelter_1.png",
        "lexicon:textures/pictures/super_smelter_2.png"
      ],
      "border": true,
      "title": "超级熔炉",
      "text": "在采矿后熔炼大量矿石的最佳方式。"
    },
    {
      "type": "patchouli:multiblock",
      "multiblock": {
        "pattern": [
          [
            "            ",
            "cC          ",
            "            "
          ],
          [
            "cCX      X  ",
            "OrrrRRRRrrrO",
            "            "
          ],
          [
            "OrrrRRRRrrrO",
            " hhhhhhhhhh ",
            "     0      "
          ],
          [
            " HHHHHHHHHH ",
            " FFFFFFFFFF ",
            "            "
          ],
          [
            "            ",
            " HYYYYYYYYY ",
            "cC          "
          ]
        ],
        "mapping": {
          "F": "minecraft:blast_furnace[facing=east]",
          "R": "minecraft:rail[shape=north_south]",
          "r": "minecraft:powered_rail[shape=north_south,powered=true]",
          "H": "minecraft:hopper[enabled=true,facing=east]",
          "Y": "minecraft:hopper[enabled=true,facing=north]",
          "h": "minecraft:hopper[enabled=true]",
          "O": "minecraft:cobblestone",
          "X": "minecraft:redstone_block",
          "C": "minecraft:chest[facing=east,type=right]",
          "c": "minecraft:chest[facing=east,type=left]"
        }
      },
      "title": " "
    }
  ]
}