{
  "name": "木桶",
  "icon": "minecraft:barrel",
  "category": "lexicon:useable_blocks",
  "pages": [
    {
      "type": "patchouli:spotlight",
      "item": "minecraft:barrel",
      "text": "木桶是$(l:creatures/human-villager#fisherman)$(thing)渔夫$()的工作站方块，用于存储物品。$(br2)它的功能类似于一个单个的$(l:useables/chest)$(item)箱子$()，盖饭君注：建议玩家大量存储物品时尽量多用桶而不是箱子，这会更流畅，因为箱子是“实体”而桶是“方块”。"
    },
    {
      "type": "patchouli:crafting",
      "recipe": "minecraft:barrel",
      "title": " "
    }
  ]
}
