{
  "name": "床",
  "icon": "minecraft:red_bed",
  "category": "lexicon:useable_blocks",
  "pages": [
    {
      "type": "patchouli:spotlight",
      "item": "minecraft:white_bed",
      "text": "床是一种方块，允许$(l:creatures/human-player)$(thing)玩家$()睡觉并将重生点重置为在$(l:world/dimensions#overworld)$(thing)主世界$()中距离床几个方块的位置。$(br2)床可以染色。"
    },
    {
      "type": "patchouli:crafting",
      "recipe": "minecraft:red_bed",
      "recipe2": "minecraft:purple_bed_from_white_bed",
      "title": " "
    }
  ]
}
