{
  "name": "蜜蜂",
  "icon": "minecraft:beehive",
  "category": "lexicon:useable_blocks",
  "pages": [
    {
      "type": "patchouli:spotlight",
      "item": "minecraft:beehive",
      "text": "每当一只$(l:creatures/arthropod-bee)$(thing)蜜蜂$()进入一个覆盖着花粉的巢穴或蜂巢时，它就开始将花粉转化为$(item)蜂蜜$()和$(item)蜂巢$()。$(br2)一旦蜂巢装满了，它的外观就会变化，显示出蜂蜜渗出的样子。$(br2)要收获$(item)蜂蜜$()，$(l:creatures/human-player)$(thing)玩家$()需要在蜂巢上使用$(item)玻璃瓶$()。$(br)要收获$(item)蜂巢$()，$(l:creatures/human-player)$(thing)玩家$()需要在巢穴或蜂巢上使用$(item)剪刀$()。"
    },
    {
      "type": "patchouli:crafting",
      "recipe": "minecraft:beehive",
      "title": " "
    }
  ]
}
