{
  "name": "高炉",
  "icon": "minecraft:blast_furnace",
  "category": "lexicon:useable_blocks",
  "pages": [
    {
      "type": "patchouli:spotlight",
      "item": "minecraft:blast_furnace",
      "text": "高炉是一种方块，用于冶炼矿石、原始金属、金属盔甲和工具，类似于$(l:useables/furnace)$(item)熔炉$()，但速度是熔炉的两倍（注：不能用于加热生肉或其他生食）。$(br2)它还作为$(l:creatures/human-villager#armorer)$(thing)铁匠$()的工作站方块。"
    },
    {
      "type": "patchouli:crafting",
      "recipe": "minecraft:blast_furnace",
      "title": " "
    }
  ]
}
