{
  "name": "酿造台",
  "icon": "minecraft:brewing_stand",
  "category": "lexicon:useable_blocks",
  "pages": [
    {
      "type": "patchouli:spotlight",
      "item": "minecraft:brewing_stand",
      "text": "$(item)酿造台$()是一种用于酿造$(l:brewing/potion_types)$(item)药水$()的方块，使用$(item)瓶子$()和适当的配料。$(br2)它还作为$(l:creatures/human-villager#cleric)$(thing)牧师$()的工作站方块。"
    },
    {
      "type": "patchouli:crafting",
      "recipe": "minecraft:brewing_stand",
      "title": " "
    }
  ]
}
