{
  "name": "营火",
  "icon": "minecraft:campfire",
  "category": "lexicon:useable_blocks",
  "pages": [
    {
      "type": "patchouli:spotlight",
      "item": "minecraft:campfire",
      "text": "$(item)营火（篝火）$()是一种方块，可以用于烹饪食物而无需燃料，也可以作为光源或烟雾信号。"
    },
    {
      "type": "patchouli:crafting",
      "recipe": "minecraft:campfire",
      "recipe2": "minecraft:soul_campfire",
      "title": " "
    }
  ]
}
