{
  "name": "制图台",
  "icon": "minecraft:cartography_table",
  "category": "lexicon:useable_blocks",
  "pages": [
    {
      "type": "patchouli:spotlight",
      "item": "minecraft:cartography_table",
      "text": "$(item)制图台$()是一个$(l:creatures/human-villager#cartographer)$(thing)制图师$()的工作站方块，会在$(l:world/structures#village)$(thing)村庄$()中生成。$(br2)它用于克隆、缩小和锁定$(item)地图$()。"
    },
    {
      "type": "patchouli:crafting",
      "recipe": "minecraft:cartography_table",
      "title": " "
    }
  ]
}
