{
  "name": "雕刻书架",
  "icon": "minecraft:chiseled_bookshelf",
  "category": "lexicon:useable_blocks",
  "pages": [
    {
      "type": "patchouli:spotlight",
      "item": "minecraft:chiseled_bookshelf",
      "text": "$(item)雕刻书架$()可以容纳最多六本$(item)书$()、$(item)书笔$()、$(item)成书$()、$(item)附魔书$()或其他类型的书。"
    },
    {
      "type": "patchouli:crafting",
      "recipe": "minecraft:chiseled_bookshelf",
      "title": " "
    },
    {
      "type": "patchouli:text",
      "text": "红石$(l:redstone/redstone_components#comparator)$(item)比较器$()会发送一个信号（1-6），指示最后一个与之交互的插槽。$(br2)当还没有与插槽进行交互时，它输出0。$(br2)一个$(l:redstone/redstone_components#observer)$(item)侦测器$()可以检测到书架上添加或移除$(item)书$()的操作。"
    },
    {
      "type": "patchouli:image",
      "images": [
        "lexicon:textures/pictures/chiseled_bookshelf_redstone.png"
      ],
      "text": "插槽和信号强度之间的对应关系。",
      "border": false
    }
  ]
}
