{
  "name": "堆肥桶",
  "icon": "minecraft:composter",
  "category": "lexicon:useable_blocks",
  "pages": [
    {
      "type": "patchouli:spotlight",
      "item": "minecraft:composter",
      "text": "$(item)堆肥桶$()是一种可以将一些生物材料转化为$(item)骨粉$()的方块。$(br2)它还可以作为$(l:creatures/human-villager#farmer)$(thing)农民村民$()的工作站方块。"
     },
    {
      "type": "patchouli:crafting",
      "recipe": "minecraft:composter",
      "title": " "
    }
  ]
}