{
  "name": "工作台",
  "icon": "minecraft:crafting_table",
  "category": "lexicon:useable_blocks",
  "pages": [
    {
      "type": "patchouli:spotlight",
      "item": "minecraft:crafting_table",
      "text": "$(item)工作台$()是一个实用方块，允许$(l:creatures/human-player)$(thing)玩家$()制作各种方块和物品。$(br2)它提供了一个3x3的制作网格。"
    },
    {
      "type": "patchouli:crafting",
      "recipe": "minecraft:crafting_table",
      "title": " "
    }
  ]
}
