{
  "name": "附魔台",
  "icon": "minecraft:enchanting_table",
  "category": "lexicon:useable_blocks",
  "pages": [
    {
      "type": "patchouli:spotlight",
      "item": "minecraft:enchanting_table",
      "text": "$(item)附魔台$()是一个方块，允许$(l:creatures/human-player)$(thing)玩家$()花费经验等级来给工具、武器、书籍、盔甲和某些其他物品附魔。"
    },
    {
      "type": "patchouli:crafting",
      "recipe": "minecraft:enchanting_table",
      "title": " "
    }
  ]
}
