{
  "name": "末影箱",
  "icon": "minecraft:ender_chest",
  "category": "lexicon:useable_blocks",
  "pages": [
    {
      "type": "patchouli:spotlight",
      "item": "minecraft:ender_chest",
      "text": "$(item)末影箱$()是一种$(l:useables/chest)$(item)箱子$()，其内容对每个$(l:creatures/human-player)$(thing)玩家$()是独有的，并且可以在世界中的任何地方启用。"
    },
    {
      "type": "patchouli:crafting",
      "recipe": "minecraft:ender_chest",
      "title": " "
    }
  ]
}
