{
  "name": "制箭台",
  "icon": "minecraft:fletching_table",
  "category": "lexicon:useable_blocks",
  "pages": [
    {
      "type": "patchouli:spotlight",
      "item": "minecraft:fletching_table",
      "text": "$(item)制箭台$()是一个$(l:creatures/human-villager#fletcher)$(thing)箭匠$()的工作站方块，可以在$(l:world/structures#village)$(thing)村庄$()中自然生成。$(br2)$(item)制箭台$()用于将一个无业的$(l:creatures/human-villager)$(thing)村民$()转变为一个$(l:creatures/human-villager#fletcher)$(thing)箭匠$()。"
    },
    {
      "type": "patchouli:crafting",
      "recipe": "minecraft:fletching_table",
      "title": " "
    }
  ]
}
