{
  "name": "砂轮",
  "icon": "minecraft:grindstone",
  "category": "lexicon:useable_blocks",
  "pages": [
    {
      "type": "patchouli:spotlight",
      "item": "minecraft:grindstone",
      "text": "$(item)砂轮$()是一个可以修复物品和工具，并从中移除$(l:enchanting/enchantments)$(thing)附魔$()的功能方块。$(br2)它还可以作为一个$(l:creatures/human-villager#weaponsmith)$(thing)铁匠$()的工作站方块。"
    },
    {
      "type": "patchouli:crafting",
      "recipe": "minecraft:grindstone",
      "title": " "
    }
  ]
}
