{
  "name": "讲台",
  "icon": "minecraft:lectern",
  "category": "lexicon:useable_blocks",
  "pages": [
    {
      "type": "patchouli:spotlight",
      "item": "minecraft:lectern",
      "text": "$(item)讲台$()是在$(l:world/structures#village)$(thing)村庄$()中找到的$(l:creatures/human-villager#librarian)$(thing)图书管理员$()的工作站方块。$(br2)它用于为多个$(l:creatures/human-player)$(thing)玩家$()在多人游戏中阅读书籍。"
    },
    {
      "type": "patchouli:crafting",
      "recipe": "minecraft:lectern",
      "title": " "
    }
  ]
}
