{
  "name": "织布机",
  "icon": "minecraft:loom",
  "category": "lexicon:useable_blocks",
  "pages": [
    {
      "type": "patchouli:spotlight",
      "item": "minecraft:loom",
      "text": "$(item)织布机$()用于在$(item)旗帜$()上应用图案。$(br2)它也是$(l:world/structures#village)$(thing)村庄$()中的$(l:creatures/human-villager#shepherd)$(thing)牧羊人$()的工作站方块。"
    },
    {
      "type": "patchouli:crafting",
      "recipe": "minecraft:loom",
      "title": " "
    }
  ]
}
