{
  "name": "重生锚",
  "icon": "minecraft:respawn_anchor",
  "category": "lexicon:useable_blocks",
  "pages": [
    {
      "type": "patchouli:spotlight",
      "item": "minecraft:respawn_anchor",
      "text": "$(item)重生锚$()是一个方块，允许$(l:creatures/human-player)$(thing)玩家$()在$(l:world/dimensions#nether)$(thing)地狱$()中设置重生点。$(br2)重生锚必须使用$(item)萤石$()来充能。"
    },
    {
      "type": "patchouli:crafting",
      "recipe": "minecraft:crying_obsidian",
      "recipe2": "minecraft:respawn_anchor",
      "title": " "
    }
  ]
}
