{
  "name": "潜影盒",
  "icon": "minecraft:shulker_box",
  "category": "lexicon:useable_blocks",
  "pages": [
    {
      "type": "patchouli:spotlight",
      "item": "minecraft:shulker_box",
      "text": "$(item)潜影盒$()是一种便携式$(l:useables/chest)$(item)箱子$()：它在被打破时保留其中的物品，可以在放置时取回。$(br2)这与其他容器不同，其他容器在被打破时会将其中的物品掉落为物品实体。"
    },
    {
      "type": "patchouli:crafting",
      "recipe": "minecraft:shulker_box",
      "title": " "
    }
  ]
}
