{
  "name": "告示牌",
  "icon": "minecraft:oak_sign",
  "category": "lexicon:useable_blocks",
  "pages": [
    {
      "type": "patchouli:spotlight",
      "item": "minecraft:oak_sign",
      "text": "$(item)告示牌$()是一种非实体方块，用于显示文本，可以放置在其他方块的顶部或侧面。$(br2)$(item)悬挂告示牌$()是一种装饰性方块，也可以显示文本，可以放置在方块的下方或使用坚固的自支撑支架。$(br2)它们可以使用任何类型的木材制作。"
    },
    {
      "type": "patchouli:spotlight",
      "item": "minecraft:oak_hanging_sign",
      "text": "$(item)告示牌$()可以通过使用$(item)蜂蜜$()对其进行上蜡。一旦上蜡，就无法取消上蜡或编辑。$(br2)您可以使用$(item)染料$()更改文本颜色。$(br2)您可以使用$(item)荧光墨囊$()使文本发光。$(br2)您可以使用普通的$(item)墨囊$()去除发光效果。"
    },
    {
      "type": "patchouli:crafting",
      "recipe": "minecraft:birch_sign",
      "recipe2": "minecraft:birch_hanging_sign"
    },
    {
      "type": "patchouli:crafting",
      "recipe": "minecraft:jungle_sign",
      "recipe2": "minecraft:jungle_hanging_sign"
    }
  ]
}
