{
  "name": "锻造台",
  "icon": "minecraft:smithing_table",
  "category": "lexicon:useable_blocks",
  "pages": [
    {
      "type": "patchouli:spotlight",
      "item": "minecraft:smithing_table",
      "text": "$(item)锻造台$()是一个$(l:creatures/human-villager#toolsmith)$(thing)工具匠$()的工作站方块，在$(l:world/structures#village)$(thing)村庄$()中生成。$(br2)它可以用来将$(item)钻石$()装备升级为$(item)下界合金$()装备。"
    },
    {
      "type": "patchouli:crafting",
      "recipe": "minecraft:smithing_table",
      "title": " "
    }
  ]
}
