{
  "name": "烟熏炉",
  "icon": "minecraft:smoker",
  "category": "lexicon:useable_blocks",
  "pages": [
    {
      "type": "patchouli:spotlight",
      "item": "minecraft:smoker",
      "text": "$(item)烟熏炉$()是一种$(l:useables/furnace)$(item)熔炉$()，用于烹饪食物，但速度是普通熔炉的两倍。$(br2)它还可以作为$(l:creatures/human-villager#butcher)$(thing)屠夫$()的工作站方块。"
    },
    {
      "type": "patchouli:crafting",
      "recipe": "minecraft:smoker",
      "title": " "
    }
  ]
}
