{
  "name": "切石机",
  "icon": "minecraft:stonecutter",
  "category": "lexicon:useable_blocks",
  "pages": [
    {
      "type": "patchouli:spotlight",
      "item": "minecraft:stonecutter",
      "text": "$(item)切石机$()用于比工作台更小且更精确的数量制作$(item)石头$()和$(item)铜$()相关的方块，并且对于某些配方而言比合成更高效。$(br2)它还可以作为$(l:creatures/human-villager#mason)$(thing)石匠$()的工作站方块。"
    },
    {
      "type": "patchouli:crafting",
      "recipe": "minecraft:stonecutter",
      "title": " "
    }
  ]
}
