{
  "name": "陷阱箱",
  "icon": "minecraft:trapped_chest",
  "category": "lexicon:useable_blocks",
  "pages": [
    {
      "type": "patchouli:spotlight",
      "item": "minecraft:trapped_chest",
      "text": "$(item)陷阱箱$()在物品存储方面与普通$(l:useables/chest)$(item)箱子$()功能相同，但在打开时会产生红石信号。$(br2)它可以通过锁扣周围的红色区域与普通$(l:useables/chest)$(item)箱子$()进行视觉区分。"
    },
    {
      "type": "patchouli:crafting",
      "recipe": "minecraft:trapped_chest",
      "title": " "
    }
  ]
}
