{
  "name": "建筑技巧",
  "icon": "minecraft:gold_nugget",
  "category": "lexicon:building",
  "sortnum": 2,
  "pages": [
    {
      "type": "patchouli:text",
      "text": "$(n)技巧 #1:$() $(br)$(li)为墙面增加纹理。 $(br2)您可以组合一套方块调色板来帮助您。 $(br2)可以查看$(l:https://www.blockpalettes.com)www.blockpalettes.com$()获取一些好的调色板！"
    },
    {
      "type": "patchouli:image",
      "images": [
        "lexicon:textures/pictures/building_tip_1.png",
        "lexicon:textures/pictures/block_palette.png"
      ],
      "title": "纹理",
      "border": true
    },

    {
      "type": "patchouli:text",
      "title": "层次感",
      "text": "$(n)技巧 #2:$() $(br)$(li)为您的建筑增加层次感。 $(br)这样看起来更加美观！"
    },
    {
      "type": "patchouli:image",
      "images": [
        "lexicon:textures/pictures/building_tip_2.png"
      ],
      "border": true
    },

    {
      "type": "patchouli:text",
      "title": "过度细节",
      "text": "$(n)技巧 #3:$() $(br)$(li)不要过度细节化您的建筑！ $(br2)在大多数情况下，细节过多会显得过于累赘。"
    },
    {
      "type": "patchouli:image",
      "images": [
        "lexicon:textures/pictures/building_tip_3.png"
      ],
      "border": true
    },

    {
      "type": "patchouli:text",
      "title": "逐步建造",
      "text": "$(n)技巧 #4:$() $(br)$(li)不要一次混合所有东西，逐步建造。"
    },
    {
      "type": "patchouli:image",
      "images": [
        "lexicon:textures/pictures/building_step_1.png",
        "lexicon:textures/pictures/building_step_2.png",
        "lexicon:textures/pictures/building_step_3.png",
        "lexicon:textures/pictures/building_step_4.png",
        "lexicon:textures/pictures/building_step_5.png",
        "lexicon:textures/pictures/building_step_6.png",
        "lexicon:textures/pictures/building_step_7.png",
        "lexicon:textures/pictures/building_step_8.png",
        "lexicon:textures/pictures/building_step_9.png"
      ],
      "border": true
    }
  ]
}