{
  "name": "形状模板",
  "icon": "minecraft:stick",
  "category": "lexicon:building",
  "sortnum": 3,
  "pages": [
    {
      "type": "patchouli:text",
      "text": "以下页面展示了一些有用的模板，可以帮助您进行建筑。"
    },
    {
      "type": "patchouli:image",
      "images": [
        "lexicon:textures/pictures/angled_walls_template.png"
      ],
      "border": true,
      "text": "$(7)by @PixelandPoly"
    },
    {
      "type": "patchouli:image",
      "images": [
        "lexicon:textures/pictures/paths_template.png"
      ],
      "border": true,
      "text": "$(7)by @PixelandPoly"
    },
    {
      "type": "patchouli:image",
      "images": [
        "lexicon:textures/pictures/bridge_arches_template.png"
      ],
      "border": true,
      "text": "$(7)by @PixelandPoly"
    },
    {
      "type": "patchouli:image",
      "images": [
        "lexicon:textures/pictures/roof_template_1.png",
        "lexicon:textures/pictures/roof_template_2.png"
      ],
      "border": true,
      "text": "$(7)by u/Jak03e"
    },
    {
      "type": "patchouli:image",
      "images": [
        "lexicon:textures/pictures/circle_template.png"
      ],
      "border": true
    }
  ]
}