{
  "name": "实用辅助工具",
  "icon": "minecraft:scaffolding",
  "category": "lexicon:building",
  "sortnum": 1,
  "pages": [
    {
      "type": "patchouli:text",
      "text": "$(n)有一些工具可以帮助您更轻松地建造：$() $(li)当您潜行（按住$(thing)Shift$()键）时，您不会从方块边缘掉落，这在高处建造时非常有用。 $(br)$(li)您还可以使用$(thing)Shift$()键来放置会打开物品栏的方块。 $(br)$(li)在建造高结构时，可以使用$(item)脚手架$()。"
    },
    {
      "type": "patchouli:crafting",
      "recipe": "minecraft:scaffolding",
      "text": "$(li)可以快速建造和扩展 $(br)$(li)可以轻松攀爬 $(br)$(li)如果您摧毁一个脚手架，上面的所有脚手架也会坍塌"
    }
  ]
}