{
    "enabled": true,
    "neededInstalledMods": [],
    "neededUninstalledMods": [],
    "spawns": [
        {
            "id": "clefairy-astra-1",
            "pokemon": "clefairy",
            "presets": [
                "natural"
            ],
            "type": "pokemon",
            "context": "grounded",
            "bucket": "uncommon",
            "level": "17-32",
            "weight": 50.0,
          "condition": {
            "canSeeSky": true,
            "biomes": [
              "#cobblemon:is_moon"
            ]
          }
        }
    ]
}