{
    "enabled": true,
    "neededInstalledMods": [],
    "neededUninstalledMods": [],
    "spawns": [
        {
            "id": "paras-astra-1",
            "pokemon": "paras",
            "type": "pokemon",
            "context": "grounded",
            "bucket": "common",
            "level": "4-29",
            "weight": 33.3,
          "condition": {
            "canSeeSky": true,
            "biomes": [
              "#cobblemon:is_venus_wastes"
            ]
          }
        }
    ]
}