{
    "enabled": true,
    "neededInstalledMods": [],
    "neededUninstalledMods": [],
    "spawns": [
        {
            "id": "diglett-astra-1",
            "pokemon": "diglett",
            "presets": [
                "natural"
            ],
            "type": "pokemon",
            "context": "grounded",
            "bucket": "common",
            "level": "2-27",
            "weight": 20.0,
          "condition": {
            "biomes": [
              "#cobblemon:is_mars_canyon"
            ]
          }
        }
    ]
}