{
    "enabled": true,
    "neededInstalledMods": [],
    "neededUninstalledMods": [],
    "spawns": [
        {
            "id": "dugtrio-astra-1",
            "pokemon": "dugtrio",
            "presets": [
                "natural"
            ],
            "type": "pokemon",
            "context": "grounded",
            "bucket": "uncommon",
            "level": "26-43",
            "weight": 20.0,
          "condition": {
            "biomes": [
              "#cobblemon:is_mars_canyon"
            ]
          }
        }
    ]
}