{
    "enabled": true,
    "neededInstalledMods": [],
    "neededUninstalledMods": [],
    "spawns": [
        {
            "id": "alakazam-astra-1",
            "pokemon": "alakazam",
            "presets": [
                "natural"
            ],
            "type": "pokemon",
            "context": "grounded",
            "bucket": "rare",
            "level": "35-50",
            "weight": 50.0,
          "condition": {
            "canSeeSky":  true,
            "biomes": [
              "#cobblemon:is_mars_wastes"
            ]
          }
        }
    ]
}