{
    "enabled": true,
    "neededInstalledMods": [],
    "neededUninstalledMods": [],
    "spawns": [
        {
            "id": "golem-astra-1",
            "pokemon": "golem",
            "presets": [
                "natural"
            ],
            "type": "pokemon",
            "context": "grounded",
            "bucket": "rare",
            "level": "34-50",
            "weight": 10.0,
          "condition": {
            "biomes": [
              "#cobblemon:is_moon"
            ]
          }
        }
    ]
}