{
    "enabled": true,
    "neededInstalledMods": [],
    "neededUninstalledMods": [],
    "spawns": [
        {
            "id": "muk-astra-1",
            "pokemon": "muk",
            "type": "pokemon",
            "context": "grounded",
            "bucket": "uncommon",
            "level": "38-50",
            "weight": 25.0,
          "condition": {
            "canSeeSky": true,
            "biomes": [
              "#cobblemon:is_venus_wastes"
            ]
          }
        }
    ]
}