{
    "enabled": true,
    "neededInstalledMods": [],
    "neededUninstalledMods": [],
    "spawns": [
        {
            "id": "onix-astra-1",
            "pokemon": "onix",
            "presets": [
                "natural"
            ],
            "type": "pokemon",
            "context": "grounded",
            "bucket": "common",
            "level": "14-39",
            "weight": 10.0,
          "condition": {
            "canSeeSky":  false,
            "biomes": [
              "#cobblemon:is_moon"
            ]
          }
        }
    ]
}