{
    "enabled": true,
    "neededInstalledMods": [],
    "neededUninstalledMods": [],
    "spawns": [
        {
            "id": "electrode-astra-1",
            "pokemon": "electrode",
            "presets": [
              "redstone",
              "moon"
            ],
            "type": "pokemon",
            "context": "grounded",
            "bucket": "uncommon",
            "level": "30-49",
            "weight": 5.0,
          "condition": {
            "biomes": [
              "#cobblemon:is_moon"
            ]
          }
        }
    ]
}