{
    "enabled": true,
    "neededInstalledMods": [],
    "neededUninstalledMods": [],
    "spawns": [
        {
            "id": "koffing-astra-1",
            "pokemon": "koffing",
            "type": "pokemon",
            "context": "grounded",
            "bucket": "uncommon",
            "level": "9-34",
            "weight": 25.0,
          "condition": {
            "canSeeSky": true,
            "biomes": [
              "#cobblemon:is_venus_wastes",
              "#cobblemon:is_venus_barrens"
            ]
          }
        }
    ]
}