{
    "enabled": true,
    "neededInstalledMods": [],
    "neededUninstalledMods": [],
    "spawns": [
      {
        "id": "porygon-astra-1",
        "pokemon": "porygon",
        "presets": [
          "redstone",
          "moon",
          "mars"
        ],
        "type": "pokemon",
        "context": "grounded",
        "bucket": "common",
        "level": "15-40",
        "weight": 5.0,
        "condition": {
          "biomes": [
            "#cobblemon:is_moon",
            "#cobblemon:is_mars_canyon",
            "#cobblemon:is_mars_polar",
            "#cobblemon:is_mars_wastes"
          ]
        }
      }
    ]
}