{
    "enabled": true,
    "neededInstalledMods": [],
    "neededUninstalledMods": [],
    "spawns": [
        {
            "id": "natu-astra-1",
            "pokemon": "natu",
            "presets": [
                "natural"
            ],
            "type": "pokemon",
            "context": "grounded",
            "bucket": "common",
            "level": "7-32",
            "weight": 10.0,
          "condition": {
            "canSeeSky":  true,
            "biomes": [
              "#cobblemon:is_mars_wastes"
            ]
          }
        }
    ]
}