{
    "enabled": true,
    "neededInstalledMods": [],
    "neededUninstalledMods": [],
    "spawns": [
        {
            "id": "steelix-astra-1",
            "pokemon": "steelix",
            "presets": [
                "natural"
            ],
            "type": "pokemon",
            "context": "grounded",
            "bucket": "rare",
            "level": "34-51",
            "weight": 10.0,
          "condition": {
            "canSeeSky":  false,
            "biomes": [
              "#cobblemon:is_moon"
            ]
          }
        }
    ]
}