{
    "enabled": true,
    "neededInstalledMods": [],
    "neededUninstalledMods": [],
    "spawns": [
      {
        "id": "slugma-astra-1",
        "pokemon": "slugma",
        "type": "pokemon",
        "context": "grounded",
        "bucket": "common",
        "level": "1-25",
        "weight": 25.0,
        "condition": {
          "canSeeSky": true,
          "biomes": [
            "#cobblemon:is_mercury"
          ]
        }
      },
      {
        "id": "slugma-astra-2",
        "pokemon": "slugma",
        "type": "pokemon",
        "context": "grounded",
        "bucket": "common",
        "level": "1-25",
        "weight": 50.0,
        "condition": {
          "canSeeSky": true,
          "biomes": [
            "#cobblemon:is_venus_barrens"
          ]
        }
      }
    ]
}