{
    "enabled": true,
    "neededInstalledMods": [],
    "neededUninstalledMods": [],
    "spawns": [
      {
        "id": "swinub-astra-1",
        "pokemon": "swinub",
        "type": "pokemon",
        "context": "grounded",
        "bucket": "common",
        "level": "1-25",
        "weight": 60.0,
        "condition": {
          "canSeeSky": true,
          "biomes": [
            "#cobblemon:is_glacio_peaks",
            "#cobblemon:is_glacio_barrens"
          ]
        }
      },
      {
        "id": "swinub-astra-2",
        "pokemon": "swinub",
        "type": "pokemon",
        "context": "grounded",
        "bucket": "common",
        "level": "1-25",
        "weight": 25.0,
        "condition": {
          "canSeeSky": true,
          "biomes": [
            "#cobblemon:is_mars_polar"
          ]
        }
      }
    ]
}