{
    "enabled": true,
    "neededInstalledMods": [],
    "neededUninstalledMods": [],
    "spawns": [
        {
            "id": "prinlup-astra-1",
            "pokemon": "prinlup",
            "type": "pokemon",
            "context": "grounded",
            "bucket": "uncommon",
            "level": "16-41",
            "weight": 5.0,
          "condition": {
            "canSeeSky": true,
            "biomes": [
              "#cobblemon:is_glacio_barrens"
            ]
          }
        }
    ]
}