{
    "enabled": true,
    "neededInstalledMods": [],
    "neededUninstalledMods": [],
    "spawns": [
        {
            "id": "glaceon-astra-1",
            "pokemon": "glaceon",
            "type": "pokemon",
            "context": "grounded",
            "bucket": "rare",
            "level": "28-53",
            "weight": 20.0,
          "condition": {
            "canSeeSky": true,
            "biomes": [
              "#cobblemon:is_glacio_barrens"
            ]
          }
        }
    ]
}