{
    "enabled": true,
    "neededInstalledMods": [],
    "neededUninstalledMods": [],
    "spawns": [
        {
            "id": "probopass-astra-1",
            "pokemon": "probopass",
            "presets": [
                "natural"
            ],
            "type": "pokemon",
            "context": "grounded",
            "bucket": "rare",
            "level": "33-53",
            "weight": 10.0,
          "condition": {
            "canSeeSky": true,
            "biomes": [
              "#cobblemon:is_mars_canyon"
            ]
          }
        }
    ]
}