{
    "enabled": true,
    "neededInstalledMods": [],
    "neededUninstalledMods": [],
    "spawns": [
        {
            "id": "dwebble-astra-1",
            "pokemon": "dwebble",
            "presets": [
                "natural"
            ],
            "type": "pokemon",
            "context": "grounded",
            "bucket": "common",
            "level": "8-32",
            "weight": 10.0,
          "condition": {
            "canSeeSky": true,
            "biomes": [
              "#cobblemon:is_mars_canyon"
            ]
          }
        }
    ]
}