{
    "enabled": true,
    "neededInstalledMods": [],
    "neededUninstalledMods": [],
    "spawns": [
        {
            "id": "crustle-astra-1",
            "pokemon": "crustle",
            "presets": [
                "natural"
            ],
            "type": "pokemon",
            "context": "grounded",
            "bucket": "uncommon",
            "level": "34-48",
            "weight": 5.0,
          "condition": {
            "canSeeSky": true,
            "biomes": [
              "#cobblemon:is_mars_canyon"
            ]
          }
        }
    ]
}