{
    "enabled": true,
    "neededInstalledMods": [],
    "neededUninstalledMods": [],
    "spawns": [
        {
            "id": "klink-astra-1",
            "pokemon": "klink",
            "presets": [
              "redstone",
              "moon"
            ],
            "type": "pokemon",
            "context": "grounded",
            "bucket": "common",
            "level": "5-30",
            "weight": 5.0,
          "condition": {
            "biomes": [
              "#cobblemon:is_moon"
            ]
          }
        }
    ]
}