{
    "enabled": true,
    "neededInstalledMods": [],
    "neededUninstalledMods": [],
    "spawns": [
        {
            "id": "beheeyem-astra-1",
            "pokemon": "beheeyem",
            "presets": [
                "natural"
            ],
            "type": "pokemon",
            "context": "grounded",
            "bucket": "uncommon",
            "level": "42-49",
            "weight": 50.0,
          "condition": {
            "canSeeSky": true,
            "biomes": [
              "#cobblemon:is_mars_canyon",
              "#cobblemon:is_mars_polar",
              "#cobblemon:is_mars_wastes"
            ]
          }
        }
    ]
}