{
    "enabled": true,
    "neededInstalledMods": [],
    "neededUninstalledMods": [],
    "spawns": [
      {
        "id": "cryogonal-astra-1",
        "pokemon": "cryogonal",
        "type": "pokemon",
        "context": "grounded",
        "bucket": "uncommon",
        "level": "27-52",
        "weight": 40.0,
        "condition": {
          "canSeeSky": true,
          "biomes": [
            "#cobblemon:is_glacio_peaks"
          ]
        }
      },
      {
        "id": "cryogonal-astra-2",
        "pokemon": "cryogonal",
        "type": "pokemon",
        "context": "grounded",
        "bucket": "uncommon",
        "level": "27-52",
        "weight": 15.0,
        "condition": {
          "canSeeSky": true,
          "biomes": [
            "#cobblemon:is_mars_polar"
          ]
        }
      }
    ]
}