{
    "enabled": true,
    "neededInstalledMods": [],
    "neededUninstalledMods": [],
    "spawns": [
      {
        "id": "bergmite-astra-1",
        "pokemon": "bergmite",
        "type": "pokemon",
        "context": "grounded",
        "bucket": "common",
        "level": "5-30",
        "weight": 40.0,
        "condition": {
          "canSeeSky": true,
          "biomes": [
            "#cobblemon:is_glacio_peaks"
          ]
        }
      },
      {
        "id": "bergmite-astra-2",
        "pokemon": "bergmite",
        "type": "pokemon",
        "context": "grounded",
        "bucket": "common",
        "level": "5-30",
        "weight": 20.0,
        "condition": {
          "canSeeSky": true,
          "biomes": [
            "#cobblemon:is_mars_polar"
          ]
        }
      }
    ]
}