{
    "enabled": true,
    "neededInstalledMods": [],
    "neededUninstalledMods": [],
    "spawns": [
        {
            "id": "avalugg-astra-1",
            "pokemon": "avalugg",
            "type": "pokemon",
            "context": "grounded",
            "bucket": "rare",
            "level": "37-51",
            "weight": 30.0,
          "condition": {
            "canSeeSky": true,
            "biomes": [
              "#cobblemon:is_glacio_peaks",
              "#cobblemon:is_mars_polar"
            ]
          }
        }
    ]
}