{
    "enabled": true,
    "neededInstalledMods": [],
    "neededUninstalledMods": [],
    "spawns": [
        {
            "id": "eiscue-astra-1",
            "pokemon": "eiscue",
            "type": "pokemon",
            "context": "grounded",
            "bucket": "common",
            "level": "22-47",
            "weight": 15.0,
          "condition": {
            "canSeeSky": true,
            "biomes": [
              "#cobblemon:is_glacio_barrens"
            ]
          }
        }
    ]
}