{
    "enabled": true,
    "neededInstalledMods": [],
    "neededUninstalledMods": [],
    "spawns": [
        {
            "id": "tandemaus-astra-1",
            "pokemon": "tandemaus",
            "presets": [
              "moon_cheese"
            ],
            "type": "pokemon",
            "context": "grounded",
            "bucket": "common",
            "level": "6-31",
            "weight": 5.0,
          "condition": {
            "biomes": [
              "#cobblemon:is_moon"
            ]
          }
        }
    ]
}