{
    "enabled": true,
    "neededInstalledMods": [],
    "neededUninstalledMods": [],
    "spawns": [
        {
            "id": "cetitan-astra-1",
            "pokemon": "cetitan",
            "type": "pokemon",
            "context": "grounded",
            "bucket": "rare",
            "level": "28-52",
            "weight": 10.0,
          "condition": {
            "canSeeSky": true,
            "biomes": [
              "#cobblemon:is_glacio_peaks"
            ]
          }
        }
    ]
}