{
  "name": "命令语法",
  "icon": "minecraft:name_tag",
  "category": "lexicon:commands",
  "sortnum": 3,
  "pages": [
    {
      "type": "patchouli:text",
      "text": "语法显示了命令中各个关键字可能的参数。 $(br2)您可以在$(l)/help$()命令中或在$(l:https://minecraft.fandom.com/wiki/Commands)Minecraft Wiki$()等网站上查看命令的语法。"
    },
    {
      "type": "patchouli:text",
      "text": "$(l)普通文本$() = 命令文本$(br2)$(l)<参数>$() = 应替换为实际值的参数$(br2)$(l)<选项>$() = 可选的选项 $(br2)$(l)(选项1|选项2)$() = 必须选择其中一个选项 $(br2)$(l)[选项1|选项2]$() = 可选择其中一个选项 $(br2)$(l)省略号 ...$() = 需要另一个子命令"
    }
  ]
}