{
  "name": "NBT数据",
  "icon": "minecraft:name_tag",
  "category": "lexicon:commands",
  "sortnum": 4,
  "pages": [
    {
      "type": "patchouli:text",
      "text": "$(l)命名二进制标签（Named Binary Tag，NBT）$()是Minecraft中用于存储任意数据的树形数据结构，广泛用于许多保存文件中。 $(br2)$(l)字符串化命名二进制标签（Stringified Named Binary Tag，SNBT）$()，也称为数据标签，通常在$(l:commands)$(thing)命令$()中使用。 $(br2)数据标签由逗号分隔的零个或多个属性-值对组成，并用花括号括起来。"
    },
    {
      "type": "patchouli:text",
      "text": "每个属性-值对由标签名称和标签的值组成，中间用冒号分隔。 $(br2)然而，某些值可能是复合标签，并且自身包含属性-值对，从而允许数据标签描述层次化的数据结构。 $(br2)$(n)示例：$() $(br2)$(o){CustomName:'\"Bob\"', Invisible:true}$()"
    },
    {
      "type": "patchouli:text",
      "text": "$(n)$(l)参考链接：$()$(br) $(li)$(l:https://minecraft.fandom.com/wiki/NBT_format)基础知识$()  $(li)$(l:https://minecraft.fandom.com/wiki/Tutorials/Command_NBT_tags)带有NBT的命令教程$()$(li)$(l:https://minecraft.fandom.com/wiki/Chunk_format#Block_entity_format)方块实体的NBT$()  $(li)$(l:https://minecraft.fandom.com/wiki/Player.dat_format#Item_structure)物品的NBT$()  $(li)$(l:https://minecraft.fandom.com/wiki/Entity_format#Items_and_XPOrbs)物品实体的NBT$()  $(li)$(l:https://minecraft.fandom.com/wiki/Entity_format#Mobs)生物的NBT$()  $(li)$(l:https://minecraft.fandom.com/wiki/Entity_format#Projectiles)抛射物的NBT$()   $(li)$(l:https://minecraft.fandom.com/wiki/Entity_format#Vehicles)载具的NBT$()  $(li)$(l:https://minecraft.fandom.com/wiki/Entity_format#Dynamic_Tiles)动态方块的NBT$()   $(li)$(l:https://minecraft.fandom.com/wiki/Entity_format#Other)其他实体的NBT$()"
    }
  ]
}