{
  "name": "选择器",
  "icon": "minecraft:hopper",
  "category": "lexicon:commands",
  "sortnum": 2,
  "pages": [
    {
      "type": "patchouli:text",
      "text": "目标选择器用于在命令中任意选择$(l:creatures/human-player)$(thing)玩家$()和实体，而无需指定确切的名称。 $(br2)可以使用目标选择器变量选择一个或多个实体，并且可以使用目标选择器参数根据特定条件从选择中筛选目标。"
    },
    {
      "type": "patchouli:text",
      "text": "$(br)$(l)/gamemode creative @a $() $(br2)$(l)@p$() = 最近的玩家 $(br2)$(l)@r$() = 随机玩家 $(br2)$(l)@a$() = 所有玩家 $(br2)$(l)@e$() = 所有实体 $(br2)$(l)@s$() = 执行命令的实体"
    },
    {
      "type": "patchouli:text",
      "title": "选择器参数",
      "text": "在目标选择器之后，可以使用可选参数将目标缩小为同时满足某些条件的一组目标。 $(br)$(li)$(l)!$() = 反转参数 $(li)参数也可以叠加使用 $(br2)$(o)/gamemode creative @a[!distance=5] $(br2)$(o)/gamemode creative @a[distance=10,level=13]"
    },
    {
      "type": "patchouli:text",
      "text": "$(l)x$(), $(l)y$(), $(l)z$() = 坐标$(br)$(l)distance$() = 距离 $(br)$(l)dx$(), $(l)dy$(), $(l)dz$()$() = 体积尺寸 $(br)$(l)scores$() = 特定分数 $(br)$(l)tag$() = 计分板标签 $(br)$(l)team$() = 计分板队伍 $(br)$(l)name$() = 实体名称 $(br)$(l)type$() = 实体类型 $(br)$(l)predicate$() = 实体谓词 $(br)$(l)x_rotation$() = 垂直实体旋转 $(br)$(l)y_rotation$() = 水平实体旋转 $(br)$(l)nbt$() = 实体NBT数据 $(br)$(l)level$() = 经验等级 $(br)$(l)gamemode$() = 玩家游戏模式 $(br)$(l)advancements$() = 进度 $(br)$(l)limit$(), $(l)sort$() = 限制条件"
    }
  ]
}