{
  "name": "教程",
  "icon": "minecraft:chain_command_block",
  "category": "lexicon:commands",
  "sortnum": 5,
  "pages": [
    {
      "type": "patchouli:text",
      "text": "$(li)$(l:https://www.youtube.com/watch?v=w3MBp-2Oxa4&list=PL4ZS2guXqa_jVrj73ZBl4zkkz_BdEVEb5)介绍$()  $(li)$(l:https://www.youtube.com/watch?v=iurIhHVK-hk&list=PL4ZS2guXqa_jVrj73ZBl4zkkz_BdEVEb5&index=2)命令基础$()  $(li)$(l:https://www.youtube.com/watch?v=Byf0nHnIBhM&list=PL4ZS2guXqa_jVrj73ZBl4zkkz_BdEVEb5&index=3)重复命令$()  $(li)$(l:https://www.youtube.com/watch?v=xEXRGRnvrRI&list=PL4ZS2guXqa_jVrj73ZBl4zkkz_BdEVEb5&index=4)命令链$()  $(li)$(l:https://www.youtube.com/watch?v=DmsjJFwaPDw&list=PL4ZS2guXqa_jVrj73ZBl4zkkz_BdEVEb5&index=5)相对坐标$()  $(li)$(l:https://www.youtube.com/watch?v=hl9WLdYOYzc&list=PL4ZS2guXqa_jVrj73ZBl4zkkz_BdEVEb5&index=6)方块状态$()   $(li)$(l:https://www.youtube.com/watch?v=U4WlKem4FwM&list=PL4ZS2guXqa_jVrj73ZBl4zkkz_BdEVEb5&index=7)改变世界的命令$()   $(li)$(l:https://www.youtube.com/watch?v=SjG4DmDlL2k&list=PL4ZS2guXqa_jVrj73ZBl4zkkz_BdEVEb5&index=8)实体选择$()  $(li)$(l:https://www.youtube.com/watch?v=y9I3X8R_HEw&list=PL4ZS2guXqa_jVrj73ZBl4zkkz_BdEVEb5&index=9)召唤和标记实体$()   $(li)$(l:https://www.youtube.com/watch?v=Jnn8Um9tjbM&list=PL4ZS2guXqa_jVrj73ZBl4zkkz_BdEVEb5&index=10)执行命令$()   $(li)$(l:https://www.youtube.com/watch?v=GwRfluFO3Tk&list=PL4ZS2guXqa_jVrj73ZBl4zkkz_BdEVEb5&index=11)记分板$()   $(li)$(l:https://www.youtube.com/watch?v=mEUpxev-1Eg&list=PL4ZS2guXqa_jVrj73ZBl4zkkz_BdEVEb5&index=12)执行条件$()   $(li)$(l:https://www.bilibili.com/video/BV1wt411A7Bx/?spm_id_from=333.337.search-card.all.click&vd_source=200d954c294e0a959a89e0360cccc638)中文玩家推荐看这个$()"
    }
  ]
}