{
  "name": "常用命令",
  "icon": "minecraft:command_block",
  "category": "lexicon:commands",
  "sortnum": 1,
  "pages": [
    {
      "type": "patchouli:text",
      "text": "$(l)/help$() 显示所有命令的列表$(br2)$(l)/help <command>$() 显示所选命令的用法$(br2)$(l)/clear$() 清空背包中的所有物品$(br2)$(l)/gamemode$() 更改游戏模式$(br2)$(l)/gamerule$() 设置游戏规则$(br2)$(l)/xp$() 添加或移除经验值$(br2)$(l)/kill$() 杀死实体$(br2)$(l)/locate$() 定位最近的结构物、生物群系或兴趣点"
    },
    {
      "type": "patchouli:text",
      "text": "$(l)/setblock$() 将一个方块更改为另一个$(br2)$(l)/fill$() 用特定方块填充区域$(br2)$(l)/summon$() 生成一个实体$(br2)$(l)/time$() 更改世界时间$(br2)$(l)/tp$() 传送玩家$(br2)$(l)/ban$() 封禁玩家$(br2)$(l)/spawnpoint$() 设置玩家的重生点$(br2)$(l)/setworldspawn$() 设置世界重生点$(br2)$(l)/weather$() 控制天气"
    },
    {
      "type": "patchouli:text",
      "text": "所有命令及其详细说明可以在$(l:https://minecraft.fandom.com/wiki/Commands)Minecraft Wiki$()中找到。"
    }
  ]
}