{
  "name": "末地探险",
  "icon": "minecraft:end_stone",
  "category": "lexicon:exploring",
  "sortnum": 4,
  "pages": [
    {
      "type": "patchouli:text",
      "text": "以下是你在$(l:world/dimensions#end)$(thing)末地$()探险中应该随身携带的一些重要物品！"
    },
    {
      "type": "patchouli:image",
      "images": [
        "lexicon:textures/pictures/end_equipment.png",
        "lexicon:textures/pictures/additional_equipment.png"
      ],
      "border": true
    }

  ]
}