{
  "name": "重要事项",
  "icon": "minecraft:red_bed",
  "category": "lexicon:exploring",
  "sortnum": 0,
  "pages": [
    {
      "type": "patchouli:text",
      "text": "在你旅行和探险之前，你应该确保能找到回去的路！$(br)$(li)使用$(item)指南针$()，它总是指向你的世界的$(thing)重生点$()，你应该能够从那里找到你的基地。$(li)另外，你也可以使用$(thing)F3$()键在世界中显示你的坐标。$(li)你还可以用$(item)火把$()或者塔标记你的路线！$(li)同时，你的基地中应该始终有一张$(l:useables/bed)$(item)床$()，你可以在那里重生！"
    },
    {
      "type": "patchouli:image",
      "images": [
        "lexicon:textures/pictures/exploration.png"
      ],
      "border": true,
      "text": "$(thing)F3$()屏幕显示你的坐标和许多其他有用的信息！"
    }

  ]
}