{
  "name": "下界探险",
  "icon": "minecraft:netherrack",
  "category": "lexicon:exploring",
  "sortnum": 3,
  "pages": [
    {
      "type": "patchouli:text",
      "text": "以下是你在$(l:world/dimensions#nether)$(thing)下界$()探险中应该随身携带的一些重要物品！"
    },
    {
      "type": "patchouli:image",
      "images": [
        "lexicon:textures/pictures/nether_equipment.png",
        "lexicon:textures/pictures/additional_equipment.png"
      ],
      "border": true
    }

  ]
}