{
  "name": "陆地探险",
  "icon": "minecraft:grass_block",
  "category": "lexicon:exploring",
  "sortnum": 1,
  "pages": [
    {
      "type": "patchouli:text",
      "text": "以下是你在$(l:world/dimensions#overworld)$(thing)陆地$()探险中应该随身携带的一些重要物品！"
    },
    {
      "type": "patchouli:image",
      "images": [
        "lexicon:textures/pictures/overworld_equipment.png",
        "lexicon:textures/pictures/additional_equipment.png"
      ],
      "border": true,
      "text": "第二张图片上是额外的稀有但有用的物品！"
    }

  ]
}